Tokyo,35.685,139.7514
New York,40.6943,-73.9249
Mexico City,19.4424,-99.131
Mumbai,19.017,72.857
Sao Paulo,-23.5587,-46.625
Delhi,28.67,77.23
Shanghai,31.2165,121.4365
Kolkata,22.495,88.3247
Los Angeles,34.1139,-118.4068
Dhaka,23.7231,90.4086
Buenos Aires,-34.6025,-58.3975
Karachi,24.87,66.99
Cairo,30.05,31.25
Rio de Janeiro,-22.925,-43.225
Osaka,34.75,135.4601
Beijing,39.9289,116.3883
Manila,14.6042,120.9822
Moscow,55.7522,37.6155
Istanbul,41.105,29.01
Paris,48.8667,2.3333
Seoul,37.5663,126.9997
Lagos,6.4433,3.3915
Jakarta,-6.1744,106.8294
Guangzhou,23.145,113.325
Chicago,41.8373,-87.6862
London,51.5,-0.1167
Lima,-12.048,-77.0501
Tehran,35.6719,51.4243
Kinshasa,-4.3297,15.315
Bogota,4.5964,-74.0833
Shenzhen,22.5524,114.1221
Wuhan,30.58,114.27
Tianjin,39.13,117.2
Chennai,13.09,80.28
Taipei,25.0358,121.5683
Bengaluru,12.97,77.56
Bangkok,13.75,100.5166
Lahore,31.56,74.35
Chongqing,29.565,106.595
Miami,25.7839,-80.2102
Hyderabad,17.4,78.48
Dallas,32.7936,-96.7662
Santiago,-33.45,-70.667
Philadelphia,40.0077,-75.1339
Belo Horizonte,-19.915,-43.915
Madrid,40.4,-3.6834
Houston,29.7869,-95.3905
Ahmadabad,23.0301,72.58
Ho Chi Minh City,10.78,106.695
Washington,38.9047,-77.0163
Atlanta,33.7627,-84.4225
Toronto,43.7,-79.42
Singapore,1.293,103.8558
Luanda,-8.8383,13.2344
Baghdad,33.3386,44.3939
Barcelona,41.3833,2.1834
Shenyang,41.805,123.45
Khartoum,15.5881,32.5342
Pune,18.53,73.85
Boston,42.3188,-71.0846
Sydney,-33.92,151.1852
Saint Petersburg,59.939,30.316
Chittagong,22.33,91.8
Riyadh,24.6408,46.7727
Hanoi,21.0333,105.85
Guadalajara,20.67,-103.33
Melbourne,-37.82,144.975
Alexandria,31.2,29.95
Chengdu,30.67,104.07
Rangoon,16.7834,96.1667
Phoenix,33.5722,-112.0891
Xi'an,34.275,108.895
Porto Alegre,-30.05,-51.2
Surat,21.2,72.84
Hechi,23.0965,109.6091
Abidjan,5.32,-4.04
Brasilia,-15.7833,-47.9161
Ankara,39.9272,32.8644
Monterrey,25.67,-100.33
Nanjing,32.05,118.78
Montreal,45.5,-73.5833
Guiyang,26.58,106.72
Recife,-8.0756,-34.9156
Seattle,47.6211,-122.3244
Harbin,45.75,126.65
San Francisco,37.7562,-122.443
Fortaleza,-3.75,-38.58
Zhangzhou,24.5204,117.67
Detroit,42.3834,-83.1024
Salvador,-12.97,-38.48
Busan,35.0951,129.01
Johannesburg,-26.17,28.03
Berlin,52.5218,13.4015
Algiers,36.7631,3.0506
Rome,41.896,12.4833
Pyongyang,39.0194,125.7547
Medellin,6.275,-75.575
Kabul,34.5167,69.1833
Athens,37.9833,23.7333
Nagoya,35.155,136.915
Cape Town,-33.92,18.435
San Diego,32.8312,-117.1225
Changchun,43.865,125.34
Casablanca,33.6,-7.6164
Dalian,38.9228,121.6298
Kano,12.0,8.52
Tel Aviv-Yafo,32.08,34.77
Addis Ababa,9.0333,38.7
Curitiba,-25.42,-49.32
Zibo,36.8,118.05
Jeddah,21.5169,39.2192
Nairobi,-1.2833,36.8167
Hangzhou,30.25,120.17
Caracas,10.501,-66.917
Milan,45.47,9.205
Stuttgart,48.78,9.2
Kunming,25.07,102.68
Dar es Salaam,-6.8,39.2683
Minneapolis,44.9635,-93.2678
Jaipur,26.9211,75.81
Taiyuan,37.875,112.5451
Frankfurt,50.1,8.675
Qingdao,36.09,120.33
Surabaya,-7.2492,112.7508
Lisbon,38.7227,-9.1449
Tampa,27.9942,-82.4451
Fukuoka,33.595,130.41
Denver,39.7621,-104.8759
Kaohsiung,22.6333,120.2666
Katowice,50.2604,19.02
Aleppo,36.23,37.17
Kyiv,50.4334,30.5166
Lucknow,26.855,80.915
Zhengzhou,34.755,113.6651
Taichung,24.1521,120.6817
Ibadan,7.38,3.93
Faisalabad,31.41,73.11
Fuzhou,26.08,119.3
Changsha,28.2,112.97
Dakar,14.7158,-17.4731
Izmir,38.4361,27.1518
Lanzhou,36.056,103.792
Sapporo,43.075,141.34
Guayaquil,-2.22,-79.92
George Town,5.4136,100.3294
Mashhad,36.27,59.57
Damascus,33.5,36.3
Nagpur,21.17,79.09
Lianshan,40.7503,120.83
Shijiazhuang,38.05,114.48
Tunis,36.8028,10.1797
Vienna,48.2,16.3666
Bandung,-6.95,107.57
Nanchang,28.68,115.88
Wenzhou,28.02,120.6501
Vancouver,49.2734,-123.1216
Birmingham,52.475,-1.92
Cali,3.4,-76.5
Naples,40.84,14.245
Sendai,38.2871,141.0217
Manchester,53.5004,-2.248
Puebla,19.05,-98.2
Tripoli,32.8925,13.18
Tashkent,41.3117,69.2949
Havana,23.132,-82.3642
Gaoping,30.7804,106.13
Nanning,22.82,108.32
Belem,-1.45,-48.48
Patna,25.625,85.13
Santo Domingo,18.4701,-69.9001
Urumqi,43.805,87.575
Zaozhuang,34.88,117.57
Baku,40.3953,49.8622
Accra,5.55,-0.2167
Medan,3.58,98.65
Santa Cruz,-17.7539,-63.226
St. Louis,38.6358,-90.2451
Las Vegas,36.2333,-115.2654
Maracaibo,10.73,-71.66
Kuwait City,29.3697,47.9783
Ad Dammam,26.4282,50.0997
Portland,45.5371,-122.65
Haikou,20.05,110.32
Hiroshima,34.3878,132.4429
Baotou,40.6522,109.822
Hefei,31.85,117.28
Indore,22.7151,75.865
Goiania,-16.72,-49.3
Sanaa,15.3547,44.2066
San Antonio,29.4658,-98.5254
Bucharest,44.4334,26.0999
Ningbo,29.88,121.55
Douala,4.0604,9.71
Tangshan,39.6243,118.1944
Xiping,40.08,113.3
Asuncion,-25.2964,-57.6415
Saidu Sharif,34.75,72.35
Brisbane,-27.455,153.0351
Rawalpindi,33.6,73.04
Minsk,53.9,27.5666
Barranquilla,10.96,-74.8
Orlando,28.4772,-81.3369
Valencia,10.23,-67.98
Hamburg,53.55,10.0
Vadodara,22.31,73.18
Manaus,-3.1,-60.0
Shangqiu,34.4504,115.65
Wuxi,31.58,120.3
Palembang,-2.98,104.75
Brussels,50.8333,4.3333
Essen,51.45,7.0166
Cleveland,41.4767,-81.6805
Bhopal,23.25,77.41
Hohhot,40.82,111.66
Pittsburgh,40.4396,-79.9763
Luoyang,34.68,112.4701
Jingling,30.6501,113.16
Warsaw,52.25,21.0
Vitoria,-20.324,-40.366
Quito,-0.215,-78.5001
Antananarivo,-18.9166,47.5166
Coimbatore,11.0,76.95
Daqing,46.58,125.0
Sanzhou,30.82,108.4
Budapest,47.5,19.0833
Turin,45.0704,7.67
Ludhiana,30.9278,75.8723
Cincinnati,39.1412,-84.506
Kumasi,6.69,-1.63
Qiqihar,47.345,123.99
Austin,30.3006,-97.7517
Tai'an,36.2,117.1201
Esfahan,32.7,51.7
Kansas City,39.1239,-94.5541
Yaounde,3.8667,11.5167
Shantou,23.37,116.67
Agra,27.1704,78.015
Zhanjiang,21.2,110.38
La Paz,-16.498,-68.15
Abuja,9.0833,7.5333
Harare,-17.8178,31.0447
Indianapolis,39.7771,-86.1458
Khulna,22.84,89.56
Santiago,19.5,-70.67
Xinyang,32.1304,114.07
Luzhou,28.88,105.38
Perth,-31.955,115.84
Vishakhapatnam,17.73,83.305
Columbus,39.986,-82.9851
Multan,30.2,71.455
Kochi,10.015,76.2239
Montevideo,-34.858,-56.1711
Ganzhou,25.92,114.95
Florence,43.78,11.25
Liuzhou,24.28,109.25
Bursa,40.2,29.07
Leon de los Aldama,21.15,-101.7
Virginia Beach,36.7335,-76.0435
Nasik,20.0004,73.78
Changde,29.03,111.68
Daejeon,36.3355,127.425
Charlotte,35.2079,-80.8304
Phnom Penh,11.55,104.9166
Quanzhou,24.9,118.58
Kharkiv,50.0,36.25
Hyderabad City,25.38,68.375
Cordoba,-31.4,-64.1823
Doha,25.2866,51.533
Kuala Lumpur,3.1667,101.7
Maputo,-25.9553,32.5892
Kaduna,10.52,7.44
Gwangju,35.171,126.9104
San Salvador,13.71,-89.203
Lyon,45.77,4.83
Kampala,0.3167,32.5833
Tabriz,38.0863,46.3012
The Hague,52.08,4.27
Davao,7.11,125.63
Marseille,43.29,5.375
Mianyang,31.47,104.77
Semarang,-6.9666,110.42
Novosibirsk,55.03,82.96
Dubai,25.23,55.28
Auckland,-36.8481,174.763
Varanasi,25.33,83.0
Lubumbashi,-11.68,27.48
Juarez,31.6904,-106.49
Porto,41.15,-8.62
Asansol,23.6833,86.9833
Lusaka,-15.4166,28.2833
Mosul,36.345,43.145
Yekaterinburg,56.85,60.6
Peshawar,34.005,71.535
Mandalay,21.97,96.085
Jamshedpur,22.7875,86.1975
Mbuji-Mayi,-6.15,23.6
Madura,9.92,78.12
Adana,36.995,35.32
Jabalpur,23.1751,79.9551
San Jose,9.935,-84.0841
Panama City,8.968,-79.533
Nizhniy Novgorod,56.333,44.0001
Chifeng,42.27,118.95
Munich,48.1299,11.575
Stockholm,59.3508,18.0973
Makassar,-5.14,119.432
Rajkot,22.31,70.8
Mudanjiang,44.575,129.59
Geneva,46.21,6.14
Shiraz,29.63,52.57
Beidao,34.6,105.92
Shuangshui,26.5944,104.8333
Sevilla,37.405,-5.98
Vila Velha,3.2167,-51.2167
Almaty,43.325,76.915
Warangal,18.01,79.58
Rosario,-32.9511,-60.6663
Allahabad,25.455,81.84
Benin City,6.3405,5.62
Jining,35.4004,116.55
Maceio,-9.62,-35.73
Sofia,42.6833,23.3167
Benghazi,32.1167,20.0667
Cilacap,-7.7188,109.0154
Prague,50.0833,14.466
Glasgow,55.8744,-4.2507
Leshan,29.5671,103.7333
Jacksonville,30.3322,-81.6749
Ouagadougou,12.3703,-1.5247
Ottawa,45.4167,-75.7
Adelaide,-34.935,138.6
Shangrao,28.4704,117.97
Srinagar,34.1,74.815
Bezwada,16.52,80.63
Samara,53.195,50.1513
Omsk,54.99,73.4
Newcastle,-32.8453,151.815
Cagayan de Oro,8.4508,124.6853
Can Tho,10.05,105.77
Barquisimeto,10.05,-69.3
Helsinki,60.1756,24.9341
Kazan',55.7499,49.1263
Aurangabad,19.8957,75.3203
Calgary,51.083,-114.08
Zurich,47.38,8.55
Baoding,38.8704,115.48
Yerevan,40.1812,44.5136
Mogadishu,2.0667,45.3667
Tbilisi,41.725,44.7908
Ankang,32.68,109.02
Huambo,-12.75,15.76
Ikare,7.5304,5.76
Belgrade,44.8186,20.468
Bhilai,21.2167,81.4333
Jinhua,29.12,119.65
Chelyabinsk,55.155,61.4387
Natal,-5.78,-35.24
Dushanbe,38.56,68.7739
Copenhagen,55.6786,12.5635
Nashville,36.1715,-86.7843
Xiangyang,32.02,112.13
Memphis,35.1046,-89.9773
Amman,31.95,35.9333
Richmond,37.5295,-77.4756
Dublin,53.3331,-6.2489
Edmonton,53.55,-113.5
Solapur,17.6704,75.9
Rostov-na-Donu,47.2346,39.7127
Dnipro,48.48,35.0
Xining,36.62,101.77
Zhangjiakou,40.83,114.93
Ranchi,23.37,85.33
Monrovia,6.3106,-10.8048
Sao Luis,-2.516,-44.266
New Orleans,30.0687,-89.9288
Guatemala City,14.6211,-90.527
Florianopolis,-27.58,-48.52
Port Elizabeth,-33.97,25.6
Jiamusi,46.83,130.35
Port Harcourt,4.81,7.01
Raleigh,35.8324,-78.6438
Ufa,54.79,56.04
Hengyang,26.88,112.59
Louisville,38.1663,-85.6485
Medina,24.5,39.58
Bucaramanga,7.1301,-73.1259
Homs,34.73,36.72
Qinhuangdao,39.9304,119.62
Fes,34.0546,-5.0004
N'Djamena,12.1131,15.0491
Tegucigalpa,14.102,-87.2175
Nay Pyi Taw,19.7666,96.1186
Djibouti,11.595,43.148
Managua,12.153,-86.2685
Niamey,13.5167,2.1167
Tirana,41.3275,19.8189
Kathmandu,27.7167,85.3166
Ulaanbaatar,47.9167,106.9166
Kigali,-1.9536,30.0605
Bishkek,42.8731,74.5852
Oslo,59.9167,10.75
Bangui,4.3666,18.5583
Vientiane,17.9667,102.6
Riga,56.95,24.1
Nouakchott,18.0864,-15.9753
Muscat,23.6133,58.5933
Ashgabat,37.95,58.3833
Zagreb,45.8,16.0
Sarajevo,43.85,18.383
Chisinau,47.005,28.8577
Lilongwe,-13.9833,33.7833
Asmara,15.3333,38.9333
Abu Dhabi,24.4667,54.3666
Port Louis,-20.1666,57.5
Libreville,0.3854,9.458
Vilnius,54.6834,25.3166
Skopje,42.0,21.4335
Bloemfontein,-29.12,26.2299
Wellington,-41.3,174.7833
Valletta,35.8997,14.5147
Maseru,-29.3167,27.4833
Nur-Sultan,51.1811,71.4278
Bujumbura,-3.3761,29.36
Canberra,-35.283,149.129
Ljubljana,46.0553,14.515
Bandar Seri Begawan,4.8833,114.9333
Port of Spain,10.652,-61.517
Port Moresby,-9.4647,147.1925
Windhoek,-22.57,17.0835
Georgetown,6.802,-58.167
Paramaribo,5.835,-55.167
Nassau,25.0834,-77.35
Sucre,-19.041,-65.2595
Nicosia,35.1667,33.3666
Colombo,6.932,79.8578
Gaborone,-24.6463,25.9119
Bridgetown,13.102,-59.6165
Suva,-18.133,178.4417
Reykjavik,64.15,-21.95
Malabo,3.75,8.7833
Willemstad,12.2004,-69.02
Podgorica,42.466,19.2663
Praia,14.9167,-23.5167
Juba,4.83,31.58
Luxembourg,49.6117,6.13
Thimphu,27.473,89.639
Mbabane,-26.3167,31.1333
Sao Tome,0.3334,6.7333
Honiara,-9.438,159.9498
Oranjestad,12.5304,-70.029
Apia,-13.8415,-171.7386
Andorra la Vella,42.5,1.5165
Kingstown,13.1483,-61.2121
Port-Vila,-17.7334,168.3166
Banjul,13.4539,-16.5917
Nuku`alofa,-21.1385,-175.2206
Monaco,43.7396,7.4069
Saint John's,17.118,-61.85
Saint George's,12.0526,-61.7416
Victoria,-4.6166,55.45
Tarawa,1.3382,173.0176
Majuro,7.103,171.38
Roseau,15.301,-61.387
Belmopan,17.252,-88.7671
Pago Pago,-14.274,-170.7046
Funafuti,-8.5167,179.2166
Palikir,6.9166,158.15
Capitol Hill,15.2137,145.7546
Hagta,13.4745,144.7504
Ngerulmud,7.5,134.6242
Aden,12.7797,45.0095
Cochabamba,-17.41,-66.17
Yongzhou,26.2304,111.62
Baoshan,25.12,99.15
Quang Ha,16.06,108.25
Perm',58.0,56.25
Ahvaz,31.28,48.72
Jodhpur,26.2918,73.0168
San Luis Potosi,22.17,-101.0
Odesa,46.49,30.71
Yinchuan,38.468,106.273
Joinvile,-26.32,-48.8399
Donets'k,48.0,37.83
Guilin,25.28,110.28
Volgograd,48.71,44.5
Guwahati,26.16,91.77
Yichun,27.8333,114.4
Natal,-6.9838,-60.2699
Gwalior,26.23,78.1801
Qom,34.65,50.95
Jixi,45.3,130.97
Merida,20.9666,-89.6166
Queretaro,20.63,-100.38
Joao Pessoa,-7.1011,-34.8761
Oklahoma City,35.4676,-97.5137
Thiruvananthapuram,8.5,76.95
Calicut,11.2504,75.77
Trichinopoly,10.81,78.69
General Santos,6.1108,125.1747
Bacolod,10.6317,122.9817
Buffalo,42.9017,-78.8487
Krasnoyarsk,56.014,92.866
Konya,37.875,32.475
Hartford,41.7661,-72.6834
Huaibei,33.9504,116.75
Teresina,-5.095,-42.78
Naha,26.2072,127.673
Maiduguri,11.85,13.16
Mendoza,-32.8833,-68.8166
Hubli,15.36,75.125
Concepcion,-36.83,-73.05
Tongliao,43.62,122.27
Mombasa,-4.04,39.6899
Newcastle upon Tyne,55.0004,-1.6
Bilbao,43.25,-2.93
Xiaoxita,30.7,111.28
Salem,11.67,78.1801
Yangjiang,21.8504,111.97
Marrakech,31.63,-8.0
Dandong,40.1436,124.3936
Al Basrah,30.5135,47.8136
Aguascalientes,21.8795,-102.2904
Tucson,32.1545,-110.8782
Okayama,34.672,133.9171
Xuanzhou,30.9525,118.7553
Bandar Lampung,-5.43,105.27
Rizhao,35.4304,119.45
Palermo,38.125,13.35
Tampico,22.3,-97.87
Padang,-0.96,100.36
Pingdingshan,33.7304,113.3
Zunyi,27.7,106.92
Toulouse,43.62,1.4499
Bhubaneshwar,20.2704,85.8274
Voronezh,51.73,39.27
Saratov,51.58,46.03
Yancheng,33.3856,120.1253
Linfen,36.0803,111.52
Honolulu,21.3294,-157.846
San Miguel de Tucuman,-26.816,-65.2166
Kermanshah,34.38,47.06
Thessaloniki,40.6961,22.885
Omaha,41.2628,-96.0498
Kota,25.18,75.835
Rongjiawan,29.3801,113.1
Agadir,30.44,-9.62
Bareilly,28.3454,79.42
Jos,9.93,8.89
Xingyi,25.0904,104.89
Cebu City,10.32,123.9001
Arequipa,-16.42,-71.53
Rajshahi,24.375,88.605
Zhaotong,27.3204,103.72
Culiacan,24.83,-107.38
Valencia,39.485,-0.4
Lingyuan,41.24,119.4011
Cuiaba,-15.5696,-56.085
Quy Nhon,13.78,109.18
L'viv,49.835,24.03
Bordeaux,44.85,-0.595
McAllen,26.2273,-98.2471
Baojishi,34.38,107.15
Pekanbaru,0.565,101.425
Oran,35.71,-0.62
Yingkou,40.6703,122.28
Jammu,32.7118,74.8467
Melaka,2.2064,102.2465
Antalya,36.89,30.7
Al Hudaydah,14.7979,42.953
Campo Grande,-20.45,-54.6166
Yichun,47.6999,128.9
Mangalore,12.9,74.85
Zamboanga City,6.92,122.08
Hamhung,39.9101,127.5454
Ilorin,8.49,4.55
Fuxin,42.0105,121.66
Quetta,30.22,67.025
Trujillo,-8.12,-79.02
Kananga,-5.89,22.4
Trabzon,40.98,39.72
Lodz,51.775,19.4514
Ta`izz,13.6045,44.0394
Tangier,35.7473,-5.8327
Kolhapur,16.7,74.22
Farg`ona,40.39,71.78
Ciudad Guayana,8.37,-62.62
Birmingham,33.5277,-86.7987
Naga City,13.6192,123.1814
Gdansk,54.36,18.64
Nuremberg,49.45,11.08
Amravati,20.95,77.77
Denpasar,-8.65,115.22
Sokoto,13.06,5.24
Beihai,21.4804,109.1
As Sulaymaniyah,35.5613,45.4309
Hannover,52.367,9.7167
Cucuta,7.92,-72.52
Moshi,-3.3396,37.34
Shaoguan,24.8,113.58
Acapulco de Juarez,16.85,-99.916
Kandahar,31.61,65.6949
Dehra Dun,30.3204,78.05
Samarkand,39.67,66.945
Changzhi,36.1839,113.1053
Bulawayo,-20.17,28.58
Enugu,6.45,7.5
Aracaju,-10.9,-37.12
San Pedro Sula,15.5,-88.03
Nellore,14.44,79.9899
Catania,37.5,15.08
Gorakhpur,26.7504,83.38
Ipoh,4.6,101.065
Ch'ongjin,41.7846,129.79
Tulsa,36.1284,-95.9043
An Najaf,32.0003,44.3354
Pointe-Noire,-4.77,11.88
At Ta'if,21.2622,40.3823
Ismailia,30.5903,32.26
Shimoga,13.9304,75.56
Xiping,25.6005,103.8166
Kryvyy Rih,47.9283,33.345
Krasnodar,45.02,39.0
Zaragoza,41.65,-0.89
Genoa,44.41,8.93
Diyarbakir,37.9204,40.23
Morelia,19.7334,-101.1895
Ul'yanovsk,54.33,48.41
Wroclaw,51.1104,17.03
Winnipeg,49.883,-97.166
Izhevsk,56.85,53.23
Cape Coral,26.6445,-81.9955
Raurkela,22.2304,84.83
Quebec,46.84,-71.2456
Poznan,52.4058,16.8999
Colorado Springs,38.8674,-104.7606
Nanded,19.17,77.3
Dresden,51.05,13.75
Charleston,32.8151,-79.963
Palu,-0.907,119.833
Taizhou,32.4904,119.9
Xingtai,37.05,114.5
Samsun,41.28,36.3437
Pontianak,-0.03,109.32
Yaroslavl',57.62,39.87
Banjarmasin,-3.33,114.5801
Grand Rapids,42.9615,-85.6557
Barcelona,10.1304,-64.72
Barnaul,53.355,83.745
Zahedan,29.5,60.83
Jalalabad,34.4415,70.4361
Chanda,19.97,79.3
Rasht,37.3,49.63
Nagano,36.65,138.17
Vinh,18.7,105.68
Kayseri,38.735,35.49
Samarinda,-0.5,117.15
Ajmer,26.45,74.64
Vladivostok,43.13,131.91
Irkutsk,52.32,104.245
Knoxville,35.9692,-83.9496
Blantyre,-15.79,34.9899
Baton Rouge,30.4419,-91.131
Anqing,30.5,117.05
Khabarovsk,48.455,135.12
Kisangani,0.52,25.22
Kerman,30.3,57.08
Orumiyeh,37.53,45.0
Bikaner,28.0304,73.3299
Quetzaltenango,14.83,-91.52
Shihezi,44.3,86.0299
Kuching,1.53,110.33
Shuozhou,39.3004,112.42
Niigata,37.92,139.04
Pereira,4.8104,-75.68
Columbia,34.0376,-80.9037
Siping,43.17,124.33
Kagoshima,31.586,130.5611
Makhachkala,42.98,47.5
Bristol,51.45,-2.5833
Kenitra,34.2704,-6.58
Ribeirao Preto,-21.17,-47.83
Kanazawa,36.56,136.64
Orenburg,51.78,55.11
Malaga,36.7204,-4.42
Tabuk,28.3838,36.555
Jiujiang,29.73,115.98
Hisar,29.17,75.725
Bilaspur,22.0904,82.16
Cancun,21.17,-86.83
Novokuznetsk,53.75,87.115
Latakia,35.54,35.78
Goteborg,57.75,12.0
Tomsk,56.495,84.975
Rouen,49.4304,1.08
Beira,-19.82,34.87
Hamadan,34.796,48.515
Kota Kinabalu,5.98,116.11
Londrina,-23.3,-51.18
Ryazan',54.62,39.72
Tyumen',57.14,65.53
Lipetsk,52.62,39.64
Shiliguri,26.7204,88.455
Eskisehir,39.795,30.53
Banda Aceh,5.55,95.32
Salta,-24.7834,-65.4166
Penza,53.18,45.0
Mykolayiv,46.9677,31.9843
Kota Bharu,6.12,102.23
Arak,34.0804,49.7
Annaba,36.92,7.76
Astrakhan',46.3487,48.055
Bari,41.1142,16.8728
Al Minya,28.09,30.75
Mazatan,29.0171,-110.1333
Mataram,-8.5795,116.135
Macapa,0.033,-51.05
Mwanza,-2.52,32.93
Wuwei,37.928,102.641
Port Sudan,19.6158,37.2164
Santa Fe,-31.6239,-60.69
Tula,54.2,37.6299
Bani Suwayf,29.0804,31.09
Yanji,42.8823,129.5128
Gulbarga,17.35,76.82
Wichita,37.6897,-97.3441
Mariupol',47.0962,37.5562
Des Moines,41.5725,-93.6105
Tuxtla,16.75,-93.15
Herat,34.33,62.17
Homyel',52.43,31.0
Americana,-22.7499,-47.33
Dhulia,20.9,74.77
Yazd,31.9201,54.37
Kemerovo,55.34,86.09
Jiaojiangcun,28.6804,121.45
Juiz de Fora,-21.77,-43.375
Udaipur,24.6,73.73
Greenville,34.8362,-82.3649
Shymkent,42.32,69.595
Qazvin,36.27,50.0
Calabar,4.9604,8.33
Malatya,38.3704,38.3
Dadukou,26.55,101.73
Bandar `Abbas,27.2041,56.2721
Naberezhnyye Chelny,55.7,52.3199
Iquitos,-3.75,-73.25
Mazar-e Sharif,36.7,67.1
Kirov,58.5901,49.67
Jingdezhen,29.2704,117.18
Durango,24.0311,-104.67
Volta Redonda,-22.5196,-44.095
Hengshui,37.72,115.7
Sfax,34.75,10.72
Luhans'k,48.5698,39.3344
Manado,1.48,124.85
Qaraghandy,49.885,73.115
An Nasiriyah,31.0429,46.2676
Belfast,54.6,-5.96
Sanliurfa,37.17,38.795
Chengde,40.9604,117.93
Oita,33.2432,131.5979
Baguio City,16.43,120.5699
San Juan,-31.55,-68.52
Cheboksary,56.13,47.25
Bellary,15.15,76.915
Little Rock,34.7255,-92.358
Wuzhou,23.48,111.32
Portsmouth,50.8003,-1.08
Harrisburg,40.2752,-76.8843
Strasbourg,48.58,7.75
Madison,43.0827,-89.3923
Mawlamyine,16.5004,97.67
Nantes,47.2104,-1.59
Khujand,40.29,69.6199
Guangyuan,32.43,105.87
Bukavu,-2.51,28.84
Tuticorin,8.82,78.13
Nagasaki,32.765,129.885
Pohang,36.0209,129.3715
Kaliningrad,54.7,20.4973
Likasi,-10.97,26.78
San Luis,-33.3,-66.35
Katsina,12.9904,7.6
Welkom,-27.97,26.73
Villahermosa,18.0,-92.9
Bryansk,53.26,34.43
Kurnool,15.83,78.03
Erzurum,39.9204,41.29
Kolwezi,-10.7167,25.4724
Sukkur,27.7136,68.8486
Campina Grande,-7.23,-35.88
Winston-Salem,36.1029,-80.261
Meizhou,24.3005,116.12
Ardabil,38.25,48.3
Magnitogorsk,53.4227,58.98
Nha Trang,12.25,109.17
Maturin,9.75,-63.17
Kursk,51.74,36.19
Oujda-Angad,34.69,-1.91
Al `Ayn,24.2305,55.74
Jeju,33.5101,126.5219
Ipatinga,-19.4796,-42.52
Szczecin,53.4204,14.53
Chattanooga,35.0657,-85.2487
Murcia,37.98,-1.13
Kitwe,-12.81,28.22
Taubate,-23.0195,-45.56
Ghulja,43.9,81.35
Spokane,47.6671,-117.433
Mbale,1.0904,34.17
Kassala,15.46,36.39
Tver',56.86,35.89
Sikar,27.6104,75.14
Surgut,61.2599,73.425
Buraydah,26.3664,43.9628
Khmel'nyts'kyy,49.4249,27.0015
Eindhoven,51.43,5.5
Piura,-5.21,-80.63
Poughkeepsie,41.6949,-73.921
Kisumu,-0.09,34.75
Stockton,37.9766,-121.3111
El Obeid,13.1833,30.2167
Nyala,12.06,24.89
Sandakan,5.843,118.108
Ahmadnagar,19.1104,74.75
Bhilwara,25.3504,74.635
Augusta,33.3645,-82.0708
Scranton,41.4044,-75.6649
Nizamabad,18.6704,78.1
Brno,49.2004,16.61
Campos,-21.75,-41.32
Resistencia,-27.46,-58.99
Qarshi,38.8704,65.8
Misratah,32.38,15.1
Ha'il,27.5236,41.7001
Boise,43.6007,-116.2312
Pasto,1.2136,-77.2811
Nizhniy Tagil,57.92,59.975
Xichang,27.88,102.3
Vigo,42.22,-8.73
Las Palmas de Gran Canaria,28.1,-15.43
Zhoukou,33.6304,114.63
Kahramanmaras,37.61,36.945
Palma,39.5743,2.6542
Khorramabad,33.4804,48.35
Sao Jose do Rio Preto,-20.7996,-49.39
Latur,18.4004,76.57
Denizli,37.7704,29.08
Van,38.4954,43.4
Najran,17.5065,44.1316
Mahilyow,53.8985,30.3247
Mazatlan,23.2211,-106.42
Bydgoszcz,53.1204,18.01
Kuantan,3.83,103.32
Gorontalo,0.55,123.07
Nakuru,-0.28,36.07
Vladikavkaz,43.0504,44.67
Christchurch,-43.535,172.63
Stavropol',45.05,41.98
Sanya,18.2591,109.504
Bhagalpur,25.23,86.98
Cusco,-13.525,-71.9722
Tamale,9.4004,-0.84
Ulan-Ude,51.825,107.625
Bobo-Dioulasso,11.18,-4.29
Lublin,51.2504,22.5727
Halifax,44.65,-63.6
Zanjan,36.67,48.5
Iwaki,37.0553,140.89
Fuyu,45.1804,124.82
Ca Mau,9.1774,105.15
Asahikawa,43.755,142.38
Arkhangel'sk,64.575,40.545
Ambon,-3.7167,128.2
Orizaba,18.85,-97.13
Hongzhai,35.0476,104.6394
Santiago del Estero,-27.7833,-64.2667
Safi,32.32,-9.24
Rahimyar Khan,28.4202,70.2952
Neiva,2.931,-75.3302
Vinnytsya,49.2254,28.4816
Kuala Terengganu,5.3304,103.12
Yingmen,39.83,97.73
Buon Ma Thuot,12.667,108.05
Nuevo Laredo,27.5,-99.55
Sanandaj,35.3,47.02
Linz,48.3192,14.2888
Verona,45.4404,10.99
London,42.97,-81.25
Merida,8.4,-71.13
Kusti,13.17,32.66
Al `Amarah,31.8416,47.1512
Pensacola,30.4427,-87.1886
Kurgan,55.46,65.345
Vitsyebsk,55.1887,30.1853
Fayetteville,36.0713,-94.166
San Juan,18.4037,-66.0636
Corpus Christi,27.7261,-97.3755
Plovdiv,42.154,24.754
East London,-32.97,27.87
Jackson,32.3163,-90.2124
Ciudad Bolivar,8.1,-63.6
Phan Thiet,10.9337,108.1001
Kochi,33.5624,133.5375
Bauru,-22.33,-49.08
Nakhon Ratchasima,15.0,102.1
Orel,52.97,36.07
Beni,0.4904,29.45
Heyuan,23.7304,114.68
Mymensingh,24.7504,90.38
Baishan,41.9,126.43
Pavlodar,52.3,76.95
Fort Wayne,41.0885,-85.1436
Saugor,23.8504,78.75
Sochi,43.59,39.73
Sousse,35.83,10.625
Brahmapur,19.32,84.8
Birjand,32.88,59.2199
Chenzhou,25.8004,113.0301
Valladolid,41.65,-4.75
Al Kut,32.4907,45.8304
Cordoba,37.88,-4.77
Smolensk,54.7827,32.0473
Pelotas,-31.75,-52.33
Akita,39.71,140.09
Maroua,10.5956,14.3247
Bukhara,39.78,64.43
Murmansk,68.97,33.1
Holguin,20.8872,-76.2631
Oskemen,49.99,82.6149
Tepic,21.5054,-104.88
Vladimir,56.13,40.4099
Hat Yai,6.9964,100.4714
Poltava,49.574,34.5703
Hrodna,53.6779,23.8341
Cluj-Napoca,46.7884,23.5984
Bauchi,10.3104,9.84
Lexington,38.0423,-84.4587
Dezful,32.3804,48.47
Timisoara,45.7588,21.2234
Pescara,42.4554,14.2187
Aswan,24.0875,32.8989
Varna,43.2156,27.8953
Cherepovets,59.1404,37.91
Semey,50.435,80.275
Galati,45.4559,28.0459
Brasov,45.6475,25.6072
Sambalpur,21.4704,83.9701
Pucallpa,-8.3689,-74.535
Antofagasta,-23.65,-70.4
Huntsville,34.6988,-86.6412
Dayr az Zawr,35.3304,40.13
Chita,52.055,113.465
Valledupar,10.48,-73.25
Vitoria da Conquista,-14.85,-40.84
Antsirabe,-19.85,47.0333
Chernihiv,51.5049,31.3015
Ratlam,23.3504,75.03
Tawau,4.271,117.896
Rajahmundry,17.0303,81.79
Craiova,44.3263,23.8259
Constanta,44.2027,28.61
Saransk,54.1704,45.18
Wenlan,23.3619,103.4061
Ganca,40.685,46.35
Hakodate,41.795,140.74
Kingston upon Hull,53.7504,-0.33
Tambov,52.73,41.43
Kumul,42.827,93.515
Brest,52.1,23.7
Qyzylorda,44.8,65.465
Kanggye,40.9732,126.6032
Damietta,31.4204,31.82
Jember,-8.1727,113.6873
Aomori,40.825,140.71
Chernivtsi,48.3053,25.9216
Cherkasy,49.4347,32.0709
Ar Ramadi,33.42,43.3
Vologda,59.21,39.92
Sumy,50.9243,34.7809
Makurdi,7.73,8.53
Minna,9.62,6.55
Mbeya,-8.89,33.43
Bafoussam,5.4904,10.4099
Kassel,51.3,9.5
Ciudad Obregon,27.4666,-109.925
Shreveport,32.4659,-93.7959
Davenport,41.5563,-90.6052
Coatzacoalcos,18.1204,-94.42
Springfield,37.1943,-93.2915
Tirupati,13.6504,79.42
Cuenca,-2.9,-79.0
Sekondi,4.9433,-1.704
Rangpur,25.75,89.28
Alwar,27.5454,76.6049
Aizawl,23.7104,92.72
Zhytomyr,50.2456,28.6622
Jining,41.03,113.08
Bahia Blanca,-38.74,-62.265
Cap-Haitien,19.7592,-72.2125
Ambato,-1.2696,-78.62
South Bend,41.6771,-86.2692
Gorgan,36.8303,54.48
Savannah,32.0281,-81.1785
Tacloban,11.2504,125.0
Cotabato,7.2169,124.2484
Komsomol'sk-na-Amure,50.555,137.02
Monteria,8.7575,-75.89
Mbandaka,0.04,18.26
Ciudad Victoria,23.72,-99.13
Ubon Ratchathani,15.25,104.83
Majene,-3.5336,118.966
Sar Pol,36.5504,53.1
Venice,45.4387,12.335
Gombe,10.2904,11.17
Thohoyandou,-22.95,30.48
Nancy,48.6837,6.2
Yanbu`,24.0943,38.0493
Tshikapa,-6.41,20.77
Sterlitamak,53.63,55.96
Padangsidempuan,1.3887,99.2734
Myeik,12.4541,98.6115
Temuco,-38.73,-72.58
Petrozavodsk,61.85,34.28
Imphal,24.8,93.95
Sivas,39.7454,37.035
Tobruk,32.08,23.96
Graz,47.0778,15.41
Kindu,-2.9639,25.91
Lubbock,33.5642,-101.8871
Aqtobe,50.28,57.17
Peoria,40.7521,-89.6155
Hotan,37.0997,79.9269
Cabo Frio,-22.89,-42.04
Balikesir,39.6504,27.89
Zhuanghe,39.6823,122.9619
Petrolina,-9.38,-40.51
Myrtle Beach,33.7096,-78.8842
Sakarya,40.8,30.415
Kunduz,36.728,68.8725
Tampere,61.5,23.75
Columbus,32.51,-84.8771
Popayan,2.42,-76.61
Al Mukalla,14.5412,49.1259
Etawah,26.7855,79.015
Cascavel,-24.9596,-53.46
Ondo,7.0904,4.84
Chimoio,-19.12,33.47
Montgomery,32.3473,-86.2666
Damaturu,11.749,11.966
Daloa,6.89,-6.45
Rivne,50.6166,26.2528
Poza Rica de Hidalgo,20.5504,-97.47
Chuxiong,25.0364,101.5456
Cirebon,-6.7333,108.5666
Anchorage,61.1508,-149.1091
Tallahassee,30.4551,-84.2527
El Fasher,13.63,25.35
Dire Dawa,9.59,41.86
Suihua,46.6304,126.98
Khon Kaen,16.42,102.83
Morogoro,-6.82,37.66
Laiyang,36.9684,120.7084
Arua,3.0204,30.9
Quang Ngai,15.1504,108.83
Nis,43.3304,21.9
Kropyvnyts'kyy,48.5041,32.2603
Santa Maria,-29.6833,-53.8
Hafar al Batin,28.4337,45.9601
Los Mochis,25.79,-109.0
Singkawang,0.912,108.9655
Miskolc,48.1004,20.78
Orsk,51.21,58.6273
Oruro,-17.98,-67.13
Bratsk,56.157,101.615
Wilmington,34.2101,-77.886
Matadi,-5.8166,13.45
Rzeszow,50.0705,22.0
Juliaca,-15.5,-70.14
Nizhnevartovsk,60.935,76.58
Ternopil',49.536,25.5821
Caruaru,-8.28,-35.98
Novorossiysk,44.73,37.7699
Aarhus,56.1572,10.2107
Pathein,16.7704,94.75
Sylhet,24.9036,91.8736
Qostanay,53.2209,63.6283
Yakutsk,62.035,129.735
Palmas,-10.2377,-48.2878
Kediri,-7.7896,112.0
Kismaayo,-0.3566,42.5183
Turkmenabat,39.11,63.58
Porbandar,21.67,69.67
Zacatecas,22.7704,-102.58
Santa Ana de Yacuma,-13.76,-65.58
Zabol,31.0215,61.4815
Clermont-Ferrand,45.78,3.08
Kennewick,46.1979,-119.1732
Nakhon Si Thammarat,8.4,99.97
Evansville,37.9881,-87.5341
Ngaoundere,7.3204,13.58
Osnabruck,52.2804,8.05
Syktyvkar,61.66,50.82
Zhangye,38.93,100.45
Santarem,-2.4333,-54.7
Zinder,13.8,8.9833
Nukus,42.47,59.615
Magdeburg,52.1304,11.62
Noginsk,64.4833,91.2333
Errachidia,31.9404,-4.45
Petropavl,54.88,69.22
Miri,4.3999,113.9845
Iquique,-20.25,-70.13
Hyesan,41.3927,128.1927
Puducherry,11.935,79.83
Staryy Oskol,51.3004,37.84
Gusau,12.1704,6.66
Sabzevar,36.22,57.63
Sikasso,11.3204,-5.68
Mubi,10.2703,13.27
Karnal,29.6804,76.97
Tanga,-5.07,39.09
Haeju,38.0394,125.7144
Colima,19.23,-103.72
Hancheng,35.4704,110.43
`Ar`ar,30.99,41.0207
Banja Luka,44.7804,17.18
Gueckedou,8.554,-10.151
Formosa,-26.1728,-58.1828
Blagoveshchensk,50.2666,127.5333
Babruysk,53.1266,29.1928
Polokwane,-23.89,29.45
Gabes,33.9004,10.1
Velikiy Novgorod,58.5,31.33
Wuhai,39.6647,106.8122
Bertoua,4.5804,13.68
Imperatriz,-5.52,-47.49
Gilgit,35.9171,74.3
Kielce,50.8904,20.66
Biysk,52.5341,85.18
Zamora,19.9804,-102.28
Split,43.5204,16.47
Oradea,47.05,21.92
Portoviejo,-1.06,-80.46
Bergen,60.391,5.3245
Nanping,26.6304,118.17
Machala,-3.26,-79.96
Abha,18.2301,42.5001
Toamasina,-18.1818,49.405
Oral,51.2711,51.335
Presidente Prudente,-22.12,-51.39
Bojnurd,37.47,57.32
College Station,30.5852,-96.296
Pingliang,35.5304,106.6801
Laoag,18.1988,120.5936
Salzburg,47.8105,13.04
Kalemie,-5.9333,29.2
Amarillo,35.1989,-101.831
Portland,43.6773,-70.2715
Campeche,19.83,-90.5
Fargo,46.8653,-96.8292
Funchal,32.65,-16.88
Criciuma,-28.68,-49.39
Lampang,18.2916,99.4813
Santa Barbara,34.4285,-119.7202
Salalah,17.0255,54.0852
Sibu,2.303,111.843
Lianzhou,24.7815,112.3825
Erfurt,50.9701,11.03
Rostock,54.0704,12.15
Ongole,15.5604,80.05
Khowy,38.5304,44.97
Mossoro,-5.19,-37.34
Pskov,57.83,28.3299
San Miguel,13.4833,-88.1833
Gedaref,14.04,35.38
Rivera,-30.8996,-55.56
Pokhara,28.264,83.972
Nema,16.6171,-7.25
Kasama,-10.1996,31.1799
Maimanah,35.9302,64.7701
Bacau,46.5784,26.9196
Balakovo,52.03,47.8
Ashino,42.975,144.3747
Gemena,3.26,19.77
Thanh Hoa,19.82,105.8
Mbanza-Ngungu,-5.2496,14.86
Proddatur,14.7504,78.57
El Tigre,8.8903,-64.26
Porlamar,10.9604,-63.85
Reims,49.2504,4.03
Coro,11.42,-69.68
Huntington,38.4109,-82.4344
Bongor,10.2859,15.3872
Divinopolis,-20.1495,-44.9
Tarakan,3.3,117.633
Klaipeda,55.7204,21.1199
Dunhua,43.3505,128.22
Zlatoust,55.175,59.65
Valera,9.32,-70.62
Butuan,8.9495,125.5436
La Paz,24.14,-110.32
Aberdeen,57.1704,-2.08
Syzran',53.17,48.48
Dong Hoi,17.4833,106.6
Kabwe,-14.44,28.45
Quelimane,-17.88,36.89
Parakou,9.34,2.62
San Fernando del Valle de Catamarca,-28.47,-65.78
Waco,31.5597,-97.1882
Erie,42.1168,-80.0733
Arapiraca,-9.75,-36.67
Ternate,0.793,127.363
Petropavlovsk-Kamchatskiy,53.062,158.623
Kimch'aek-si,40.6723,129.2027
Pinar del Rio,22.4175,-83.6981
Olsztyn,53.8,20.48
Cienfuegos,22.1444,-80.4403
Shendi,16.6805,33.42
Pecs,46.0804,18.22
Cedar Rapids,41.9667,-91.6781
Ed Damazin,11.7704,34.35
Hagerstown,39.6402,-77.7217
Yei,4.0904,30.68
Kutaisi,42.25,42.73
Tarlac City,15.4838,120.5834
Dese,11.13,39.63
Corum,40.52,34.95
Gweru,-19.45,29.82
Atyrau,47.1127,51.92
Biratnagar,26.4837,87.2833
Hinthada,17.6483,95.4679
Gangneung,37.7559,128.8962
Funtua,11.5204,7.32
Zuwarah,32.9344,12.0791
Sioux Falls,43.5397,-96.7321
Passo Fundo,-28.25,-52.42
Sittwe,20.14,92.88
Klerksdorp,-26.88,26.62
Mary,37.6,61.8333
Al `Arish,31.1249,33.8006
Korhogo,9.46,-5.64
Ar Raqqah,35.9304,39.02
Kadugli,11.01,29.7
Yuzhno-Sakhalinsk,46.965,142.74
Regina,50.45,-104.617
Turku,60.4539,22.255
Sirjan,29.47,55.73
George,-33.95,22.45
Bo,7.97,-11.74
Shimla,31.1,77.1666
Stavanger,58.97,5.68
Bata,1.87,9.77
Ha Long,20.9604,107.1
Tebessa,35.4104,8.12
Pitesti,44.8563,24.8758
Djelfa,34.68,3.25
Burgos,42.3504,-3.68
Aracatuba,-21.21,-50.45
Fuyang,32.9004,115.82
Cacak,43.8897,20.3301
Dijon,47.3304,5.03
Kluang,2.0383,103.3179
Nimes,43.8304,4.35
Jayapura,-2.533,140.7
Sarh,9.15,18.39
Medinipur,22.3304,87.15
Bandar-e Bushehr,28.92,50.83
Baranavichy,53.1368,26.0134
Madent Atbara,17.71,33.98
Berezniki,59.42,56.76
Volgodonsk,47.51,42.1599
Abakan,53.7037,91.445
Dibrugarh,27.4833,94.9
Maraba,-5.35,-49.116
Noril'sk,69.34,88.225
Livingstone,-17.86,25.86
Kendari,-3.9553,122.5973
Kimberley,-28.7468,24.77
Ocala,29.178,-82.1511
Lajes,-27.8096,-50.31
Kigoma,-4.8796,29.61
Patra,38.23,21.73
El Geneina,13.45,22.44
Lecce,40.3604,18.15
Mahabad,36.7704,45.72
Salamanca,40.9704,-5.67
Dourados,-22.23,-54.81
Tunja,5.5504,-73.37
Rubtsovsk,51.52,81.21
Bumba,2.19,22.46
Chapeco,-27.1,-52.64
Valdivia,-39.795,-73.245
Pagadian,7.853,123.507
Nakhodka,67.7504,77.52
Springfield,39.771,-89.6537
Tarija,-21.5167,-64.75
Zarzis,33.5104,11.1
Punta del Este,-34.97,-54.95
Samarra',34.194,43.875
Abeche,13.84,20.83
Melitopol',46.8378,35.3775
Port Arthur,29.8554,-93.9264
Sudbury,46.5,-80.9666
Surat Thani,9.1501,99.3401
Al Ghardaqah,27.23,33.83
Isiro,2.76,27.62
Puerto Princesa,9.7543,118.7444
Afyonkarahisar,38.7504,30.55
Zonguldak,41.4304,31.78
Matsue,35.467,133.0666
Champaign,40.1144,-88.2735
Moundou,8.55,16.09
Gonder,12.61,37.46
Ciudad del Carmen,18.6537,-91.8245
Yulinshi,38.2833,109.7333
Sibiu,45.7971,24.1371
Batumi,41.6,41.63
Foggia,41.4605,15.56
Ordu,41.0004,37.8699
Beian,48.239,126.482
Battambang,13.1,103.2
Middelburg,-25.7596,29.47
Mahajanga,-15.67,46.345
Chetumal,18.5,-88.3
Cairns,-16.8878,145.7633
Moanda,-5.9229,12.355
Rio Cuarto,-33.13,-64.35
Golmeh,33.6304,46.43
Nusaybin,37.075,41.2184
Macon,32.8065,-83.6974
Limoges,45.83,1.25
Guanare,9.05,-69.75
Bintulu,3.1664,113.036
Balti,47.7591,27.9053
As Suwayhirah as Sahil,24.362,56.7344
Uzhhorod,48.63,22.25
Urganch,41.56,60.64
M'Sila,35.7,4.545
Perugia,43.1104,12.39
Palangkaraya,-2.2096,113.91
Hamilton,-37.7783,175.2896
Yala,6.5505,101.2851
Diourbel,14.6604,-16.24
Lang Son,21.846,106.757
Trang,7.5634,99.608
Odessa,31.8831,-102.3406
Turbat,25.9918,63.0718
Manghyshlaq,43.6905,51.1417
Trondheim,63.4167,10.4167
Man,7.4004,-7.55
Pocos de Caldas,-21.78,-46.57
Tabora,-5.02,32.8
Dawei,14.098,98.195
Hanzhong,33.13,107.03
La Ceiba,15.7631,-86.797
Krishnanagar,23.3803,88.53
Pointe-a-Pitre,16.2415,-61.533
Panama City,30.1995,-85.6003
Concordia,-31.3896,-58.03
Brest,48.3904,-4.495
Le Mans,48.0004,0.1
Ajdabiya,30.77,20.22
Bechar,31.6111,-2.23
Amiens,49.9004,2.3
Calama,-22.45,-68.92
Pleiku,13.9833,108.0
Pyatigorsk,44.08,43.09
Cajamarca,-7.15,-78.53
Arzamas,55.4,43.8
Saida,34.8404,0.14
Altay,47.8666,88.1166
Phuket,7.8765,98.3815
Tyler,32.3184,-95.3065
Comodoro Rivadavia,-45.87,-67.5
Lhokseumawe,5.1914,97.1415
Peterborough,52.5804,-0.25
Badajoz,38.8804,-6.97
Dunhuang,40.1427,94.662
Columbia,38.9477,-92.3255
Sherbrooke,45.4,-71.9
Piedras Negras,28.7076,-100.5317
Myitkyina,25.3596,97.3928
Chinandega,12.6304,-87.13
Townsville,-19.25,146.77
Parnaiba,-2.91,-41.77
Umtata,-31.58,28.79
Irakleio,35.325,25.1305
Oulu,65.0,25.47
Grand Junction,39.0877,-108.5673
Gyor,47.7004,17.63
Jequie,-13.85,-40.08
Pyay,18.8165,95.2114
Ravenna,44.4204,12.22
Touggourt,33.1,6.06
Siauliai,55.9386,23.325
Yakima,46.5923,-120.5496
Riohacha,11.5403,-72.91
Namibe,-15.19,12.16
San Luis,16.2,-89.44
Papeete,-17.5334,-149.5667
Murom,55.5704,42.04
Lae,-6.733,146.99
Pinsk,52.1279,26.0941
Abohar,30.1204,74.29
Florencia,1.6104,-75.62
Erzincan,39.7526,39.4928
Copiapo,-27.36,-70.34
Batticaloa,7.717,81.7
Kokshetau,53.3,69.42
Xai-Xai,-25.04,33.64
Kamina,-8.73,25.01
Larisa,39.6304,22.42
Kamyshin,50.0804,45.4
Greenville,35.5956,-77.3768
Sakaka,30.0,40.1333
Jima,7.68,36.83
Surt,31.21,16.59
Darnah,32.7648,22.6391
Ekibastuz,51.73,75.3199
Port Blair,11.667,92.736
Wau,7.7,27.99
Pakokku,21.332,95.0866
Neftekamsk,56.0835,54.2631
Gafsa,34.4204,8.78
Johnson City,36.3406,-82.3803
Edirne,41.6704,26.57
Songea,-10.68,35.65
Loja,-3.99,-79.21
Itapetininga,-23.59,-48.04
Magway,20.1445,94.9196
Pangkalpinang,-2.08,106.15
Malanje,-9.54,16.34
Gashua,12.8705,11.04
Lubango,-14.91,13.49
Sorong,-0.8554,131.285
Kelowna,49.9,-119.4833
Semnan,35.5548,53.3743
Higuey,18.616,-68.708
Porto Seguro,-16.4296,-39.08
Segou,13.44,-6.26
San Fernando,7.9,-67.4699
Tekirdag,40.9909,27.51
Billings,45.7889,-108.5509
Karaman,37.1815,33.215
Duluth,46.7757,-92.1392
Maxixe,-23.866,35.3886
Trois-Rivieres,46.35,-72.5499
Saginaw,43.4199,-83.9501
Pleven,43.4238,24.6134
Zielona Gora,51.9504,15.5
Anuradhapura,8.35,80.3833
Bandundu,-3.31,17.38
Seaside,36.6224,-121.8191
Jalingo,8.9004,11.36
Dunedin,-45.8854,170.491
Achinsk,56.27,90.5
Punta Arenas,-53.165,-70.94
Langsa,4.6736,97.9664
Vyborg,60.7039,28.7549
Calabozo,8.9304,-67.44
Gao,16.2666,-0.05
Rochester,44.0151,-92.4778
Huanren,41.2563,125.346
Yakeshi,49.2804,120.73
Tahoua,14.9,5.2599
Monroe,32.5183,-92.0775
Guelmim,28.98,-10.07
Kulob,37.9212,69.7757
Tuguegarao,17.6131,121.7269
Ciudad Valles,21.98,-99.02
Abilene,32.4543,-99.7384
Cuito,-12.38,16.94
Kingston,44.2337,-76.4833
Siirt,37.944,41.933
Laghouat,33.81,2.88
Tobol'sk,58.1998,68.2648
Koencho,43.8504,143.9
Satu Mare,47.792,22.885
Mazyr,52.046,29.2722
Nakhon Sawan,15.7,100.07
Daugavpils,55.88,26.51
Balkanabat,39.5124,54.3649
Pemba,-12.983,40.5323
Noyabr'sk,63.1665,75.6165
David,8.4333,-82.4333
Kandi,11.1304,2.94
Soubre,5.7904,-6.61
Karamay,45.5899,84.8599
Mopti,14.49,-4.18
Burlington,44.4877,-73.2314
Nehe,48.49,124.88
Kyzyl,51.7067,94.3831
Oktyabr'skiy,54.46,53.46
Birnin Kebbi,12.4504,4.1999
Escuintla,15.33,-92.63
Koszalin,54.2,16.1833
Shinyanga,-3.6596,33.42
Ilebo,-4.3196,20.61
Eau Claire,44.82,-91.4951
Elista,46.3287,44.2087
Kandalaksha,67.1643,32.4144
Coimbra,40.2004,-8.4167
Sioux City,42.4959,-96.3901
Raba,-8.45,118.7666
Salisbury,38.3755,-75.5867
Derbent,42.0578,48.2774
Azare,11.6804,10.19
Assab,13.01,42.73
Queenstown,-31.8996,26.88
Kongolo,-5.3795,26.98
Jazan,16.9066,42.5566
Linhares,-19.39,-40.05
Torbat-e Jam,35.2233,60.6129
Mmabatho,-25.83,25.61
Zhezqazghan,47.78,67.77
Maumere,-8.6189,122.2123
Albury,-36.06,146.92
Dolisie,-4.1796,12.67
Kilinochchi,9.4004,80.3999
Biak,-1.1615,136.0485
Konotop,51.2424,33.209
Heroica Guaymas,27.93,-110.89
Velikiye Luki,56.32,30.52
Pedro Juan Caballero,-22.5446,-55.76
Pakxe,15.1221,105.8183
Roxas City,11.5853,122.7511
Ukhta,63.56,53.69
Charlottesville,38.0375,-78.4855
La Crosse,43.8241,-91.2268
`Ibri,23.2254,56.517
Dera Ismail Khan,31.829,70.8986
Kansk,56.19,95.71
Teofilo Otoni,-17.87,-41.5
Tartu,58.3839,26.7099
Oum el Bouaghi,35.85,7.15
Logan,41.74,-111.8419
Glazov,58.1232,52.6288
Ancona,43.6004,13.4999
Bukoba,-1.3196,31.8
Kpalime,6.9004,0.63
Ust'-Ilimsk,57.99,102.6333
Sabha,27.0333,14.4333
Subotica,46.07,19.68
Chanthaburi,12.6133,102.0979
Galle,6.03,80.24
Passos,-20.71,-46.61
Orebro,59.2803,15.22
Apatzingan de la Constitucion,19.08,-102.35
Jyvaskyla,62.2603,25.75
Ourinhos,-22.97,-49.87
Bismarck,46.814,-100.7695
Turkistan,43.3016,68.2549
Mtwara,-10.2696,40.19
Corumba,-19.016,-57.65
Sliven,42.6794,26.33
Kuznetsk,53.1204,46.6
Magadan,59.575,150.81
Catanzaro,38.9004,16.6
Al `Aqabah,29.527,35.0777
Kirsehir,39.142,34.171
Malindi,-3.21,40.1
Shibirghan,36.658,65.7383
Darwin,-12.4254,130.85
Noumea,-22.2625,166.4443
Quibdo,5.6904,-76.66
Kuopio,62.8943,27.6949
Muriae,-21.13,-42.39
Nigde,37.976,34.694
Moncton,46.0833,-64.7667
Barahona,18.2004,-71.1
Francistown,-21.17,27.5
Jonkoping,57.7713,14.165
Fujin,47.2704,132.02
Tambacounda,13.7804,-13.68
Sumbawanga,-7.9596,31.62
Taldyqorghan,45.0,78.4
State College,40.791,-77.8568
Coronel Oviedo,-25.45,-56.44
Ebolowa,2.9,11.15
Agri,39.7198,43.0513
Canakkale,40.1459,26.4064
Uman',48.7543,30.2109
Zilina,49.2198,18.7494
Nouadhibou,20.9,-17.056
Bitola,41.0391,21.3395
Ioannina,39.6679,20.8509
Agua Prieta,31.3223,-109.563
Poitiers,46.5833,0.3333
Rio Gallegos,-51.6333,-69.2166
Chumphon,10.5127,99.1872
Caceres,-16.05,-57.51
Louga,15.6104,-16.25
Puerto Limon,10.0,-83.0333
Lorient,47.7504,-3.3666
Savannakhet,16.5376,104.773
Trinidad,-14.8334,-64.9
Mbarara,-0.5996,30.65
Codo,-4.4796,-43.88
Antsiranana,-12.2765,49.3115
Nan,18.7868,100.7715
Palmerston North,-40.3527,175.6072
Asela,7.9504,39.1399
Bolgatanga,10.7904,-0.85
Sokhumi,43.02,41.02
Lavras,-21.2496,-45.01
Hobart,-42.85,147.295
Bingol,38.885,40.498
Erdenet,49.0533,104.1183
Paysandu,-32.33,-58.08
Shulan,44.4091,126.9487
Chania,35.5122,24.0156
Cheyenne,41.1405,-104.7927
Tres Lagoas,-20.79,-51.72
Biel/Bienne,47.1666,7.25
Hakkari,37.5744,43.7408
Kayes,14.45,-11.44
Pori,61.4789,21.7749
Jatai,-17.8796,-51.75
Tucurui,-3.68,-49.72
Masvingo,-20.0596,30.82
Birobidzhan,48.7974,132.9508
Tamanrasset,22.785,5.5228
Manokwari,-0.8711,134.0693
Kiffa,16.62,-11.4
Farah,32.3917,62.0968
Mpanda,-6.3596,31.05
Skien,59.2,9.6
Calarasi,44.2063,27.3259
Bacabal,-4.23,-44.8
Esbjerg,55.467,8.45
Nizwa,22.9264,57.5314
Upington,-28.46,21.23
Zadar,44.1201,15.2623
Ijui,-28.3895,-53.9199
Mamou,10.3804,-12.1
Altamira,-3.1996,-52.21
Paracatu,-17.1996,-46.87
Mindelo,16.8838,-25.0
Kastamonu,41.389,33.783
Sunyani,7.336,-2.336
Lisala,2.14,21.51
Arauca,7.0907,-70.7616
Timbuktu,16.7666,-3.0166
Gavle,60.667,17.1666
Balsas,-7.52,-46.05
Calbayog City,12.0672,124.6042
Garissa,-0.4396,39.67
Khanty-Mansiysk,61.0015,69.0015
Matehuala,23.6604,-100.65
El Bayadh,33.6904,1.01
Lao Cai,22.5014,103.966
Nalut,31.8804,10.97
Panaji,15.492,73.818
Solwezi,-12.1796,26.4
Faizabad,37.1298,70.5792
Parintins,-2.61,-56.74
Curvelo,-18.7596,-44.43
Kristiansand,58.1666,8.0
Kanchanaburi,14.0174,99.522
Irece,-11.3,-41.87
Bossangoa,6.4837,17.45
Surin,14.8868,103.4915
Singida,-4.8196,34.74
Madang,-5.2248,145.7853
Zalaegerszeg,46.844,16.84
Bamyan,34.8211,67.521
Chinhoyi,-17.3596,30.18
Cayenne,4.933,-52.33
Ponta Delgada,37.7483,-25.6666
Gaalkacyo,6.77,47.43
Yopal,5.347,-72.406
Nelson,-41.2926,173.2474
Mbanza Congo,-6.2696,14.24
Uige,-7.62,15.05
Nkhotakota,-12.9163,34.3
Vaxjo,56.8837,14.8167
Leticia,-4.22,-69.94
Viedma,-40.8,-63.0
Mount Hagen,-5.8632,144.2168
Telemaco Borba,-24.33,-50.62
Embu,-0.5196,37.45
San Andres,12.5621,-81.6903
Rundu,-17.92,19.7499
Napier,-39.49,176.9265
Lop Buri,14.804,100.6186
Picos,-7.08,-41.44
Braganca,-1.05,-46.77
Vaasa,63.1,21.6
Rodos,36.4412,28.2225
Adrar,27.87,-0.29
Jijiga,9.3504,42.79
Janauba,-15.7996,-43.31
Kaga Bandoro,6.9804,19.18
Magong,23.5667,119.5833
Zouerate,22.7304,-12.4833
Lautoka,-17.6161,177.4666
Halmstad,56.6718,12.8556
Ithaca,42.4442,-76.5032
Abancay,-13.6396,-72.89
Murzuq,25.9044,13.8972
Tarbes,43.2333,0.0833
Moquegua,-17.19,-70.94
Joensuu,62.6,29.7666
Coari,-4.08,-63.13
Registro,-24.49,-47.84
Camaqua,-30.8396,-51.81
Arrecife,28.969,-13.5378
Crateus,-5.1656,-40.666
Puerto Ayacucho,5.6639,-67.6236
Pursat,12.5337,103.9167
Tromso,69.6351,18.992
Barra do Garcas,-15.8796,-52.26
Whangarei,-35.7256,174.323
Itacoatiara,-3.14,-58.44
Seguela,7.9504,-6.67
Jinotega,13.091,-86.0
Phetchabun,16.419,101.159
Helena,46.5965,-112.0199
Kampot,10.6171,104.1833
Al Kharijah,25.44,30.55
Maun,-19.9896,23.42
Dosso,13.05,3.2
Vryburg,-26.96,24.73
Invercargill,-46.4094,168.365
Barra do Corda,-5.5096,-45.26
Lulea,65.5966,22.1584
Floriano,-6.7696,-43.03
Serowe,-22.39,26.71
Valladolid,20.6704,-88.2
El Kef,36.1826,8.7148
Ciudad de Huajuapam de Leon,17.8104,-97.79
Badulla,6.9837,81.0499
Aksum,14.1304,38.72
Rosso,16.524,-15.8127
Breves,-1.68,-50.49
Boosaaso,11.28,49.18
Choma,-16.8095,26.97
Njombe,-9.3296,34.77
Aweil,8.7666,27.4
Mikkeli,61.69,27.285
Ostersund,63.1833,14.65
Gbarnga,7.0104,-9.49
Wajir,1.7504,40.05
Buta,2.82,24.74
Komotini,41.1333,25.4167
Liberia,10.6338,-85.4333
Cameta,-2.2396,-49.51
Inverness,57.4671,-4.2333
Itanagar,27.1004,93.6166
Piripiri,-4.2696,-41.79
Cobija,-11.0333,-68.7333
Bluefields,12.0,-83.7649
Atar,20.5166,-13.05
Parnu,58.3747,24.5136
Oyem,1.6166,11.5833
Bilwi,14.0333,-83.3834
Franceville,-1.6333,13.5833
Concord,43.2305,-71.5595
Ventspils,57.3899,21.5606
Charlottetown,46.2493,-63.1313
Mercedes,-33.2595,-58.03
Brumado,-14.21,-41.67
Chiquimula,14.797,-89.544
Grande Prairie,55.1666,-118.8
Lusambo,-4.9696,23.43
Saurimo,-9.6596,20.39
Chapadinha,-3.7395,-43.36
Yambio,4.5705,28.4163
Bozoum,6.317,16.3833
Inongo,-1.94,18.28
Goroka,-6.0833,145.3855
Joacaba,-27.17,-51.5
Ha Giang,22.8337,104.9833
Tenkodogo,11.7804,-0.3697
Salekhard,66.535,66.61
Nanuque,-17.84,-40.35
Al Bayda',13.979,45.574
Camargo,27.6904,-105.1701
Juticalpa,14.6704,-86.23
`Ataq,14.55,46.8
Nueva Rosita,27.95,-101.22
Beja,38.014,-7.863
Ulaangom,49.9833,92.0666
Oriximina,-1.7596,-55.87
Goycay,40.6534,47.7406
Loei,17.4919,101.7315
Luebo,-5.3495,21.41
Olgiy,48.9337,89.95
Sinop,42.023,35.153
Rovaniemi,66.5,25.7159
Adjumani,3.3614,31.8097
Braganca,41.808,-6.755
Gisborne,-38.6633,178.0181
Babati,-4.2195,35.75
Sibut,5.7338,19.0833
Karonga,-9.9329,33.9333
Bodo,67.2468,14.399
Owando,-0.4796,15.92
Durazno,-33.41,-56.51
Prachuap Khiri Khan,11.803,99.8
Campbell River,50.0171,-125.25
Choybalsan,48.0666,114.506
Koh Kong,11.6175,102.9849
Cradock,-32.1995,25.61
Tenosique,17.4804,-91.43
Paranaiba,-19.6796,-51.2
Guarda,40.541,-7.262
Boende,-0.2196,20.86
Rumbek,6.8,29.6833
Sao Luis Gonzaga,-28.41,-54.96
Barra do Bugres,-15.0696,-57.19
Dumfries,55.0671,-3.55
Diffa,13.3171,12.6089
Hovd,48.0166,91.6333
Am Timan,11.0333,20.2833
Iturama,-19.73,-50.2
Stung Treng,13.523,105.974
Swakopmund,-22.6689,14.535
Hamar,60.82,11.069
Almenara,-16.17,-40.7
Bac Kan,22.1333,105.8333
Brandon,49.8333,-99.95
Ouesso,1.61,16.05
Ipora,-16.45,-51.13
Popondetta,-8.7692,148.2484
Arvayheer,46.25,102.7666
Santa Cruz,-6.22,-36.03
Mongo,12.1837,18.7
Treinta y Tres,-33.23,-54.38
At Tur,28.2394,33.6148
Conceicao do Araguaia,-8.25,-49.29
Nola,3.5337,16.0666
Rawson,-43.3,-65.1
Sena Madureira,-9.07,-68.67
Chachapoyas,-6.2296,-77.87
At Tafilah,30.8333,35.6
Ati,13.2171,18.3333
Juneau,58.4546,-134.1739
Colinas,-6.0395,-44.24
Wewak,-3.5535,143.6367
Katima Mulilo,-17.4996,24.26
Pires do Rio,-17.2995,-48.28
Felipe Carrillo Puerto,19.5804,-88.05
Rouyn-Noranda,48.25,-79.0332
Lamu,-2.262,40.9197
San Pedro Pochutla,15.7304,-96.47
Tbeng Meanchey,13.8167,104.9667
Ghat,24.9647,10.1728
Suhbaatar,50.25,106.2
Quthing,-30.411,27.716
Svay Rieng,11.08,105.801
Macas,-2.3096,-78.12
Whitehorse,60.7167,-135.05
Visby,57.6337,18.3
San Jose del Guaviare,2.57,-72.64
Fort McMurray,56.7333,-111.3833
Nsanje,-16.9167,35.2667
Eirunepe,-6.66,-69.8738
Nar'yan-Mar,67.6474,53.0574
Sligo,54.2671,-8.4833
Lodwar,3.1304,35.57
Hakha,22.65,93.6167
Tidjikja,18.55,-11.4166
Kratie,12.469,106.024
Kavieng,-2.5813,150.813
Tillaberi,14.212,1.4531
Yellowknife,62.442,-114.397
Hun,29.1167,15.9333
Kimbe,-5.55,150.143
Fort Saint John,56.25,-120.8333
Whakatane,-37.9574,176.9828
Molde,62.7483,7.1833
Tindouf,27.6742,-8.1478
Keetmanshoop,-26.5739,18.13
Mao,14.1194,15.3133
Makokou,0.5671,12.8666
Harnosand,62.634,17.934
Ma'rib,15.421,45.334
Marsabit,2.33,37.98
Riviere-du-Loup,47.8333,-69.5333
Gobabis,-22.455,18.963
Nieuw Nickerie,5.9504,-56.99
Sao Gabriel da Cachoeira,-0.1332,-67.0833
Daru,-9.1092,143.2337
Fayroz Koh,34.5167,65.25
Pierre,44.3748,-100.3205
Ondorhaan,47.3167,110.65
Juan Aldama,24.2904,-103.39
Chinsali,-10.5496,32.06
Grover Beach,35.1204,-120.6199
Luganville,-15.5126,167.1766
Mariental,-24.6196,17.9599
Vicente Guerrero,30.7641,-116.0093
Qalat,32.1123,66.8868
Dundo,-7.38,20.83
Ndele,8.4091,20.653
Alotau,-10.3021,150.4591
Hadibu,12.6519,54.0239
Ewo,-0.8796,14.82
Filadelfia,-22.34,-60.03
Ntcheu,-14.8167,34.6333
Orange Cove,36.6211,-119.3188
Anadyr',64.737,177.475
Birao,10.2837,22.7833
Greymouth,-42.4716,171.2231
Catio,11.2167,-15.1667
Bocas del Toro,9.3354,-82.2475
Tshabong,-26.0095,22.4
Djambala,-2.5396,14.75
Inirida,3.854,-67.9061
Ciudad Tula,23.0004,-99.72
Novo Airao,-2.6208,-60.9438
Sinop,-11.85,-55.46
Mokhotlong,-29.291,29.078
Saynshand,44.8666,110.15
Kirkwall,58.967,-2.95
Evinayong,1.45,10.5667
Aleg,17.058,-13.909
N'dalatando,-9.2995,14.91
Illizi,26.4834,8.4666
Gracias,14.5833,-88.5833
San Juan Bautista,-26.68,-57.15
Castillos,-34.1696,-53.83
Bentiu,9.2333,29.8333
Lerwick,60.15,-1.15
Ghanzi,-21.6996,21.64
Gizo,-8.0996,156.835
Iqaluit,63.7505,-68.5002
Puerto Baquerizo Moreno,-0.9,-89.6
Mitu,1.1983,-70.1736
Meadow Lake,54.1301,-108.4347
Lorengau,-2.032,147.28
Kerema,-7.927,145.838
Vadso,70.0966,29.7657
Opuwo,-18.0596,13.82
Puerto Lempira,15.262,-83.7716
Ilulissat,69.2167,-51.1
Attapu,14.808,106.839
Xinguara,-7.1006,-49.948
Qaqortoq,60.7289,-46.0364
Qal`ah-ye Now,34.983,63.1333
Mandalgovi,45.75,106.266
Mabaruma,8.2,-59.78
Fuerte Olimpo,-21.0696,-57.9
Aioun,16.6666,-9.6167
Fulin,29.35,102.7167
Lata,-10.738,165.8567
Fada,17.1847,21.5902
Dhuusamarreeb,5.742,46.508
Moroto,2.5403,34.64
Akjoujt,19.747,-14.391
Waitangi,-44.0263,-176.3696
Kenge,-4.8296,16.8999
Lucena,13.9348,121.6127
Masbate,12.3687,123.6225
Santiago,16.6881,121.5472
Dumaguete City,9.307,123.3074
San Jose,10.745,121.9415
Virac,13.5848,124.2374
Jolo,6.0522,121.0022
Janakpur,26.7288,85.9263
Mamburao,13.2233,120.596
Maasin,10.1336,124.8447
Thinadhoo,0.5303,72.9967
Simferopol',44.9572,34.1108
Kitui,-1.367,38.0106
Kampong Thom,12.7111,104.8887
Caernarfon,53.15,-4.2667
Banlung,13.7394,106.9873
Romblon,12.5751,122.2708
Wexford,52.3342,-6.4575
Baler,15.7589,121.5607
Auki,-8.7678,160.6978
Kirakira,-10.4544,161.9205
Baucau,-8.4757,126.4563
Valmiera,57.5387,25.4257
Fomboni,-12.2842,43.7428
Rakvere,59.3464,26.3558
Outapi,-17.5,14.9833
Kuressaare,58.2481,22.5039
Taro,-6.7111,156.3972
Ipil,7.7844,122.5861
Mariehamn,60.1,19.95
Fonadhoo,1.8342,73.5031
Stratford,-39.3409,174.2845
Scarborough,11.1811,-60.7333
Basco,20.4486,121.9702
Karlovy Vary,50.237,12.875
Mayuge,0.4578,33.4806
Ain Defla,36.2641,1.9679
Loznica,44.5312,19.2427
Kapenguria,1.2389,35.1119
Weno,7.4458,151.85
Kladovo,44.6073,22.6155
Buala,-8.1448,159.5905
Colonia,9.5144,138.1292
Al Bahah,20.0129,41.4677
Isangel,-19.5417,169.2817
Pale,-1.4014,5.6325
Bukomansimbi,-0.1578,31.6042
Kaedi,16.1503,-13.5037
Kokopo,-4.3525,152.2606
Nueva Loja,0.0906,-76.8884
Sefwi Wiawso,6.2058,-2.4894
Nkurenkuru,-17.6167,18.6
Calilabad,39.2096,48.4919
Tvoroyri,61.5544,-6.8063
Balakan,41.7263,46.4048
Santa Elena,-2.2262,-80.8587
Mongar,27.2747,91.2396
Lacin,39.6434,46.5462
Tari,-5.845,142.9467
Istog,42.7808,20.4875
Dambai,8.0662,0.1795
Nova Sintra,14.8714,-24.6956
Sa Kaeo,13.8141,102.0722
Marijampole,54.5599,23.3541
Pazin,45.2403,13.9367
Hargeysa,9.56,44.065
Leava,-14.2933,-178.1583
Santo Antonio,1.6386,7.4206
Dalandzadgad,43.5708,104.425
Davaci,41.2012,48.9871
Buka,-5.4308,154.6706
Asau,-13.5196,-172.6378
Ardahan,41.1087,42.7022
Espargos,16.7578,-22.9417
Ibra',22.6906,58.5334
Tofol,5.3261,163.0083
Al Hazm,16.1641,44.7769
Pehcevo,41.7623,22.8892
Barentu,15.1058,37.5907
Burco,9.5221,45.5336
Kajaani,64.2333,27.6833
Goz Beida,12.2248,21.4103
Ludza,56.5396,27.7189
Kone,-21.0667,164.8667
Zalingei,12.9092,23.4706
Sola,-13.8761,167.5517
Semera,11.7956,41.0086
Tigoa,-11.5531,160.0647
Lupane,-18.9315,27.807
Parun,35.4206,70.9226
Massenya,11.4039,16.1705
Laascaanood,8.4774,47.3597
Ceerigaabo,10.6162,47.3679
Sowa Town,-20.5636,26.2244
Kidal,18.4411,1.4078
Edinburgh of the Seven Seas,-37.0675,-12.3105
Awbari,26.5903,12.7751
Jwaneng,-24.6017,24.7281
Mahdia,5.2667,-59.15
Hayma',19.9333,56.3167
Al Kufrah,24.1667,23.2696
We,-20.9,167.2667
Albina,5.5,-54.05
Arlit,18.82,7.33
San Angelo,31.4426,-100.4501
Tsuruoka,38.7004,139.8302
Wichita Falls,33.9072,-98.529
Bam,29.1077,58.362
Talara,-4.58,-81.28
Kontagora,10.4004,5.4699
Serov,59.615,60.585
Balashov,51.5535,43.1631
Idaho Falls,43.4872,-112.0363
San Carlos del Zulia,9.0104,-71.92
Shangzhi,45.2204,127.97
Aurangabad,24.7704,84.38
Bolzano,46.5004,11.36
Nowra,-34.8828,150.6
Novyy Urengoy,66.0833,76.6332
Manzhouli,49.6,117.43
Kineshma,57.47,42.13
Toowoomba,-27.5645,151.9555
Terre Haute,39.4654,-87.3763
Fu'an,27.0704,119.62
Villa Maria,-32.41,-63.26
Grahamstown,-33.2996,26.52
Albany,31.5776,-84.1762
Missoula,46.8685,-114.0095
Reconquista,-29.1395,-59.65
Valle de La Pascua,9.21,-66.02
Rapid City,44.0716,-103.2205
Jackson,42.2431,-84.4037
Buzuluk,52.7821,52.2618
Pergamino,-33.8996,-60.57
Changxing,25.867,116.3167
Joplin,37.0759,-94.5006
Panshi,42.9426,126.0561
Behbahan,30.5818,50.2615
Ballarat,-37.5596,143.84
Sumenep,-7.0049,113.8496
Bethlehem,-28.2196,28.3
Troitsk,54.1056,61.5702
Alexandria,31.2923,-92.4702
Presidencia Roque Saenz Pena,-26.79,-60.45
Watampone,-4.5328,120.3334
Balkhash,46.8532,74.9502
Hattiesburg,31.3074,-89.317
Albu Kamal,34.4504,40.9186
Texarkana,33.4487,-94.0815
Vorkuta,67.5,64.01
Xigaze,29.25,88.8833
Koktokay,47.0004,89.4666
Kropotkin,45.4471,40.5821
Shadrinsk,56.0837,63.6333
Valdosta,30.8502,-83.2788
Kadoma,-18.33,29.9099
Kup'yans'k,49.7218,37.5981
Jiexiu,37.04,111.9
Sarqan,45.4203,79.9149
Tailai,46.3904,123.41
Mackay,-21.1439,149.15
Campo Mourao,-24.0496,-52.42
San Ramon de la Nueva Oran,-23.14,-64.32
Standerton,-26.9395,29.24
Riberalta,-10.983,-66.1
Wausau,44.9615,-89.6457
Jonesboro,35.8211,-90.6793
Jackson,35.6536,-88.8353
Tokar,18.4333,37.7333
Quang Tri,16.7504,107.2
Launceston,-41.4498,147.1302
Kalamata,37.0389,22.1142
Dothan,31.2335,-85.4068
Kovel',51.2171,24.7166
Lethbridge,49.7005,-112.8333
Zhanggu,30.9504,101.9167
Paragominas,-2.9596,-47.49
Kamloops,50.6667,-120.3333
Turkmenbasy,40.023,52.9697
Saldanha,-33.01,17.93
Victoria,28.8285,-96.985
Lodja,-3.4896,23.42
Carbondale,37.722,-89.2238
Ishim,56.1502,69.4498
Casper,42.842,-106.3207
Oktyabr'skiy,52.6636,156.2387
Tejen,37.3786,60.496
Narva,59.3776,28.1603
Corvallis,44.5696,-123.2781
Neryungri,56.674,124.7104
Grand Forks,47.9221,-97.0887
Moron,22.1099,-78.6275
Lesosibirsk,58.2433,92.4833
Rockhampton,-23.3639,150.52
Chabahar,25.3004,60.6299
Prince George,53.9167,-122.7667
Bani Walid,31.7704,13.99
Tan-Tan,28.4304,-11.1
Rafha,29.6202,43.4948
Fairbanks,64.8353,-147.6534
Binga,2.3834,20.42
Parkersburg,39.2624,-81.5419
Svobodnyy,51.4062,128.1312
Zarafshon Shahri,41.5822,64.2018
Ain Sefra,32.7604,-0.5799
Rzhev,56.2574,34.3275
Medicine Hat,50.0333,-110.6833
Kasongo,-4.45,26.66
Coffs Harbour,-30.3071,153.1123
Tanjungpandan,-2.75,107.65
Chistopol',55.3648,50.6407
Tikhvin,59.6448,33.5144
Mankato,44.1711,-93.9773
Sal'sk,46.4775,41.542
El Carmen de Bolivar,9.7204,-75.13
Zima,53.9331,102.0331
Linares,38.0833,-3.6334
Beckley,37.7877,-81.184
Bangor,44.8322,-68.7906
Mikhaylovka,50.0679,43.2175
Arsen'yev,44.1623,133.2823
Borovichi,58.3978,33.8974
Cheremkhovo,53.1588,103.0739
Manhattan,39.1885,-96.6047
Roslavl',53.9509,32.8604
Nova Vicosa,-17.88,-39.37
Umm Ruwaba,12.9104,31.2
Arqalyq,50.2418,66.8976
Vyaz'ma,55.2122,34.2918
Wagga Wagga,-35.1222,147.34
Kribi,2.9404,9.91
Tadmur,34.5504,38.2833
Twin Falls,42.5648,-114.4617
Ruteng,-8.6118,120.4698
Bozeman,45.6828,-111.0549
Chicoutimi,48.4333,-71.0667
Lewiston,46.3934,-116.9934
Grand Island,40.9214,-98.3584
Livny,52.4248,37.6044
Farmington,36.7555,-108.1823
Jaen,-5.7096,-78.81
Bundaberg,-24.8791,152.3509
Hamilton,32.2942,-64.7839
Basankusu,1.2337,19.8
Tayshet,55.9277,97.9877
Nyagan',62.1465,65.3814
Gwadar,25.139,62.3286
Tefe,-3.36,-64.7
Tulun,54.5653,100.5654
Ye,15.2533,97.8679
North Bay,46.3,-79.45
Lindong,43.9837,119.1834
Minot,48.2374,-101.278
Tacheng,46.75,82.95
Zyryanovsk,49.7453,84.2548
Timimoun,29.2365,0.27
I-n-Salah,27.2166,2.4666
Roswell,33.373,-104.5294
Pascagoula,30.3665,-88.5507
Waingapu,-9.6582,120.253
Cookeville,36.1484,-85.5114
Findlay,41.0467,-83.6379
Port Macquarie,-31.445,152.9187
Serdar,38.9755,56.2778
Enid,36.4061,-97.8701
Morehead City,34.7304,-76.7386
Belaya Kalitva,48.1865,40.7861
Mildura,-34.185,142.1514
Ladysmith,-28.5495,29.78
Antalaha,-14.8833,50.2833
Tres Arroyos,-38.37,-60.2699
Poso,-1.3896,120.76
Zhitiqara,52.193,61.2399
New Philadelphia,40.486,-81.4402
Alatyr',54.8504,46.6
Nadym,65.5298,72.5148
Pechora,65.1587,57.2087
Lufkin,31.3217,-94.7277
Ayagoz,47.9647,80.4297
Hilo,19.6886,-155.0864
Tupelo,34.2691,-88.7318
Quincy,39.9335,-91.3798
Angol,-37.79,-72.71
Kamen'-na-Obi,53.7936,81.3388
Akhtubinsk,48.2787,46.1687
Aliwal North,-30.6896,26.71
Pinehurst,35.1922,-79.4682
Alapayevsk,57.8465,61.6915
Nabire,-3.3515,135.5134
Basoko,1.2404,23.59
Nizhneudinsk,54.8977,99.0277
Al Wajh,26.2324,36.4636
Mariinsk,56.2108,87.7604
Krasnoufimsk,56.5991,57.7586
Lubao,-5.3896,25.75
Clovis,34.4376,-103.1923
Hulin,45.769,132.9922
Shu,43.5953,73.7448
Uryupinsk,50.7734,42.0031
Clarksburg,39.2863,-80.323
Hobbs,32.7282,-103.16
Alta Floresta,-9.9,-55.91
Arawa,-6.228,155.566
Oroqen Zizhiqi,50.5667,123.7167
Uray,60.1401,64.7548
New Berlin,42.9726,-88.1291
Tavda,58.0537,65.2583
Orange,-33.28,149.1
Bukama,-9.2096,25.84
Tamworth,-31.1026,150.9171
Sassandra,4.9504,-6.0833
Meridian,32.3846,-88.6897
Dori,14.034,-0.028
Moses Lake,47.1284,-119.2741
Juanjui,-7.1696,-76.74
Sydney,46.0661,-60.18
Reo,12.3335,-2.4669
London,37.1209,-84.0804
Tynda,55.1743,124.7076
Villazon,-22.0796,-65.6
Qulsary,46.9833,54.0165
Kaniama,-7.5696,24.17
Masasi,-10.7296,38.7999
Blagodarnyy,45.1047,43.4344
Boyarka,70.767,97.5
Douglas,54.1504,-4.48
Shar'ya,58.3798,45.5094
Saint-Benoit,-21.0335,55.7128
Granbury,32.4484,-97.7685
Aksay,51.1714,53.0349
Bezhetsk,57.7647,36.69
Prince Albert,53.2,-105.75
Merauke,-8.4932,140.4018
Gillette,44.2752,-105.4984
Businga,3.3404,20.87
Slavgorod,53.0049,78.6696
Puerto Berrio,6.4804,-74.42
Sicuani,-14.2896,-71.23
Shepparton,-36.3746,145.3914
Segezha,63.7548,34.3243
Atamyrat,37.8248,65.1997
Mount Isa,-20.7239,139.49
Gaya,11.8882,3.4467
Aral,46.8,61.6666
Reggane,26.7,0.1666
Carlsbad,32.4013,-104.2388
Beyneu,45.1834,55.1
Kudymkar,59.0162,54.633
De Aar,-30.65,24.0
Kristianstad,56.0337,14.1333
El Golea,30.5666,2.8833
Redmond,44.2631,-121.1798
Dubbo,-32.26,148.5973
Barabinsk,55.3573,78.3519
Lismore,-28.8167,153.2931
Cauquenes,-35.96,-72.32
Sasovo,54.3491,41.9087
Greenville,33.385,-91.0514
Rio Grande,-53.7914,-67.699
Mossendjo,-2.9396,12.72
South Kingstown,41.4458,-71.5441
Kahului,20.8715,-156.4603
Ambanja,-13.6829,48.45
Borzya,50.3886,116.5186
Garden City,37.9754,-100.8528
Wuyuan,41.0896,108.2722
Mavinga,-15.7895,20.36
Warrnambool,-38.38,142.47
South Lake Tahoe,38.9393,-119.9828
Shieli,44.167,66.75
Sovetskaya Gavan',48.9699,140.2749
Jaguarao,-32.56,-53.37
Pontes e Lacerda,-15.2196,-59.35
Cottica,3.85,-54.2333
Taua,-5.9995,-40.31
Svendborg,55.0704,10.6167
Tame,6.4603,-71.74
Kartaly,53.0474,60.6819
Zheleznogorsk-Ilimskiy,56.5762,104.1227
Mpika,-11.83,31.46
Aberdeen,45.4646,-98.468
Chiredzi,-21.0496,31.66
Aleysk,52.4918,82.7777
Camiri,-20.05,-63.52
Kolpashevo,58.3004,82.9954
Alice Springs,-23.701,133.88
Tongyangdao,41.7676,109.9711
Geraldton,-28.7666,114.6
Shalqar,47.8363,59.6141
Timaru,-44.3972,171.2425
Nikolayevsk-na-Amure,53.1496,140.73
Colider,-10.8173,-55.4506
Zeya,53.75,127.2666
Tara,56.8982,74.3782
Aripuana,-9.17,-60.64
Viana,-3.2096,-45.0
Natchez,31.5437,-91.3867
Okha,53.5739,142.9479
Buy,58.4847,41.5244
Williston,48.1814,-103.6364
Vel'sk,61.0674,42.0974
Mizdah,31.4337,12.9833
Marquette,46.544,-87.4082
Tinipuka,-4.5496,136.89
Paris,33.6689,-95.5462
Troy,40.0435,-84.2189
Severobaykal'sk,55.634,109.313
Scottsbluff,41.8684,-103.6619
Lensk,60.7253,114.947
Kariba,-16.5296,28.8
Ust'-Kut,56.765,105.76
Belvidere,42.2544,-88.8649
Sebastian,27.7883,-80.4815
Tatarsk,55.2219,75.9665
Ereymentau,51.6303,73.1049
Aldan,58.603,125.3894
Baubau,-5.4699,122.6163
North Platte,41.1266,-100.764
Ottumwa,41.0196,-92.4186
Labasa,-16.4166,179.3833
Grootfontein,-19.5666,18.1166
Diu,20.7197,70.9904
Nchelenge,-9.3496,28.73
Gallup,35.5183,-108.7423
Columbus,41.4361,-97.3561
Inta,66.0374,60.1674
Tashtagol,52.7918,87.8677
Onega,63.9271,38.0771
Taupo,-38.693,176.0771
Whyalla,-33.025,137.5614
Sale,-38.1096,147.06
Ar Rutbah,33.0385,40.2845
Brownwood,31.7124,-98.9766
Watertown,44.9094,-97.1532
Manicore,-5.8122,-61.2975
Ardmore,34.1943,-97.1253
Antsohihy,-14.8661,47.9834
Isil'kul',54.9287,71.2682
Camana,-16.6196,-72.72
Rolla,37.9458,-91.7608
Petrovsk-Zabaykal'skiy,51.2827,108.8327
Alexandria,45.8777,-95.3766
Logansport,40.7472,-86.3519
Corner Brook,48.95,-57.9333
Murray,36.6145,-88.3206
Mbala,-8.84,31.37
Poplar Bluff,36.7632,-90.4136
Mo i Rana,66.3166,14.1667
Hurricane,37.1487,-113.3517
Chilecito,-29.1655,-67.5
The Dalles,45.6053,-121.182
Narvik,68.3832,17.29
Burnie,-41.0666,145.9167
Abbeville,29.975,-92.1266
Bikin,46.8203,134.2649
San Borja,-14.8196,-66.85
Brainerd,46.3553,-94.1983
Terrace,54.5,-128.5833
North Battleford,52.7666,-108.2833
Ivdel',60.6936,60.4133
Oum Hadjer,13.3004,19.6833
Roebourne,-20.7829,117.1333
Sheridan,44.7962,-106.9643
Uzhur,55.3292,89.8207
Zapala,-38.9,-70.0667
McAlester,34.9262,-95.7698
Mumbwa,-14.9796,27.07
Cornelia,34.5169,-83.531
Dadeldhura,29.3,80.6
Altus,34.6566,-99.3051
Contamana,-7.34,-75.02
Dzuunharaa,48.8666,106.4666
Marinette,45.0869,-87.6327
Villamontes,-21.2496,-63.5
Kavalerovo,44.2702,135.0498
Bay City,28.9838,-95.9601
Middle,39.0851,-74.8336
Cranbrook,49.5167,-115.7667
Nara,15.18,-7.28
Dayan,26.8,100.2666
Kiruna,67.85,20.2166
Diego de Almagro,-26.3696,-70.05
Hassi Messaoud,31.7023,6.0545
Abaza,52.669,90.0954
Sovetsk,57.5785,48.9581
Zaysan,47.4752,84.8598
North Adams,42.6844,-73.1166
Veinticinco de Mayo,-37.8,-67.6833
Broken Hill,-31.95,141.4331
Eldorado,-26.2,-54.6
Pallasovka,50.0477,46.8773
Bloemhof,-27.6496,25.59
Bemidji,47.483,-94.8788
Poronaysk,49.2416,143.085
Macetown,-45.0227,168.7251
Akureyri,65.6666,-18.1
Kupino,54.3592,77.2742
Fonte Boa,-2.5138,-66.0916
Bodaybo,57.965,114.329
Derzhavinsk,51.1021,66.3075
Kodinsk,58.6981,99.1777
Clarksdale,34.1971,-90.5729
Pembroke,45.8503,-77.1166
Great Bend,38.3593,-98.8015
Griffith,-34.29,146.04
Kuala Lipis,4.184,102.042
Nyunzu,-5.9496,28.0167
Nerchinsk,52.009,116.5486
Mitchell,43.7296,-98.0337
Udachnyy,66.4232,112.3965
Jamestown,46.9063,-98.6937
Sterling,40.6207,-103.1919
Yorkton,51.2171,-102.4665
La Grande,45.3242,-118.0865
Bredasdorp,-34.5295,20.03
Swift Current,50.2837,-107.7666
Mariestad,58.705,13.828
Chegdomyn,51.1178,133.0241
Bedford,38.8602,-86.4895
Nuuk,64.1983,-51.7327
Prince Rupert,54.3167,-130.33
Goure,13.9874,10.27
Ascension,-15.6996,-63.08
Nioro,15.2304,-9.59
Payson,34.2434,-111.3195
Port Hedland,-20.3104,118.606
Deming,32.2631,-107.7525
Williams Lake,52.1166,-122.15
Brooks,50.5671,-111.9
Anatuya,-28.4661,-62.8333
Effingham,39.1207,-88.5509
Mountain Home,36.3349,-92.3846
Glasgow,37.0047,-85.9263
Kem',64.9536,34.5684
Bandarbeyla,9.4833,50.8167
Mar de Ajo,-36.7162,-56.6766
Alpena,45.074,-83.4399
Taos,36.3871,-105.5803
Chanaral,-29.03,-71.43
Marshall,44.4488,-95.7897
Vidalia,32.2125,-82.4019
Price,39.604,-110.8004
Joaquin V. Gonzalez,-25.0833,-64.1834
Kirensk,57.7857,108.1119
Beyla,8.687,-8.657
Globe,33.3869,-110.7514
Namanga,-2.5396,36.8
Muynoq,43.7683,59.0214
Uyuni,-20.46,-66.83
Horsham,-36.7096,142.19
Riverton,43.0425,-108.4142
Mogocha,53.7333,119.7666
Sault Ste. Marie,46.4817,-84.3723
Jacksonville,33.8088,-85.7544
Barcelos,-0.975,-62.9239
Jackson,43.4721,-110.7745
Colesberg,-30.7195,25.1
Magalia,39.8228,-121.6078
Cherlak,54.1605,74.82
Alta,69.9666,23.2417
Aleksandrovsk-Sakhalinskiy,50.8975,142.1561
Nacozari Viejo,30.42,-109.65
Malargue,-35.4661,-69.5833
Healdsburg,38.6229,-122.8651
Cafayate,-26.0829,-65.9666
Magdagachi,53.45,125.8
Weatherford,35.5384,-98.6872
Snyder,32.7133,-100.9113
Gympie,-26.1886,152.6709
Lundazi,-12.2895,33.17
Muswellbrook,-32.2696,150.89
Woodward,36.4246,-99.4057
Omaruru,-21.436,15.951
Bradford,41.9604,-78.6413
Spirit Lake,43.4176,-95.1109
Kirs,59.3138,52.2452
Humahuaca,-23.2,-65.3499
Belen,-27.6496,-67.0333
Berlin,44.4869,-71.2599
Prieska,-29.6595,22.73
Qasr-e Shirin,34.5124,45.5772
Lithgow,-33.4961,150.1528
Bowen,-20.0013,148.2087
Alamosa,37.4755,-105.877
Kargat,55.1959,80.2811
Hailey,43.5141,-114.3
Kenora,49.7667,-94.4666
Show Low,34.2671,-110.0384
Ketchikan,55.3556,-131.6698
Khilok,51.35,110.45
Kapaa,22.091,-159.352
Springbok,-29.6667,17.8833
Baie-Comeau,49.2227,-68.158
Avon Park,27.5908,-81.5081
Puerto Quijarro,-17.7796,-57.77
Taksimo,56.3315,114.89
Camden,33.5672,-92.8467
Hinton,53.4,-117.5834
Lonquimay,-38.4333,-71.2333
Marawi,18.4833,31.8167
Havre,48.5427,-109.6804
Katherine,-14.4666,132.2666
Nogliki,51.8333,143.1667
Robore,-18.3295,-59.76
Taltal,-25.4,-70.47
Kuruman,-27.4496,23.42
Moranbah,-22.0016,148.038
Makale,-3.0968,119.8531
Bogande,12.969,-0.138
Chillicothe,39.7953,-93.5498
Carroll,42.0699,-94.8647
Marathon,24.7262,-81.0376
Charters Towers,-20.0809,146.2587
Potsdam,44.6699,-74.9831
Emerald,-23.5122,148.1673
Swan Hill,-35.3396,143.54
Independence,37.2118,-95.7328
Kodiak,57.7934,-152.406
Menaka,15.9167,2.4
Dauphin,51.15,-100.05
Namsos,64.4833,11.5
Sodankyla,67.4171,26.6
Rawlins,41.7849,-107.2265
Clinton,38.3716,-93.7679
Frostburg,39.6506,-78.9269
Inverell,-29.7668,151.1126
San Antonio Oeste,-40.7329,-64.9333
Moree,-29.4699,149.8301
Trinidad,37.175,-104.4908
Omak,48.4228,-119.5159
Deniliquin,-35.5296,144.95
Esperance,-33.8573,121.8889
Revelstoke,51.0005,-118.1833
Devils Lake,48.1131,-98.8753
Banff,51.178,-115.5719
Young,-34.3096,148.29
McCook,40.2046,-100.6213
Soldotna,60.4862,-151.0671
Glendive,47.1102,-104.7069
International Falls,48.5884,-93.4083
Litchfield,45.1221,-94.5255
Cooma,-36.2396,149.12
Powell,44.7963,-108.7682
Kosciusko,33.0585,-89.5893
Ingeniero Guillermo N. Juarez,-23.9,-61.85
Merimbula,-36.8996,149.9
Biloela,-24.3936,150.4961
Karasburg,-28.0196,18.74
Tessalit,20.2014,1.0888
Wonthaggi,-38.6095,145.59
Carnarvon,-30.9496,22.1333
Kununurra,-15.7666,128.7333
Roma,-26.5594,148.7907
Peace River,56.2333,-117.2833
Mena,34.581,-94.2374
Chadron,42.826,-103.0025
Holdrege,40.4394,-99.3774
Kaitaia,-35.1099,173.2727
Worland,44.0026,-107.9543
Dwight,41.0986,-88.424
Colville,48.5454,-117.8986
Forbes,-33.3896,148.02
Berri,-34.2829,140.6
Tonantins,-2.8727,-67.8019
Cochrane,49.067,-81.0166
Cochrane,-47.2663,-72.5499
La Paz,-33.4661,-67.55
George Town,19.2804,-81.33
Goondiwindi,-28.5548,150.3253
Pofadder,-29.1329,19.3834
Svolvaer,68.2333,14.5667
San Antonio de los Cobres,-24.1829,-66.35
Ulaan-Uul,44.3337,111.2333
Gaspe,48.8373,-64.4934
Vanrhynsdorp,-31.6166,18.7333
Puerto Deseado,-47.75,-65.9
Fort Chipewyan,58.7171,-111.15
Clare,-33.8329,138.6
Lac La Biche,54.7719,-111.9647
Longreach,-23.4496,144.25
Orocue,4.7946,-71.34
Weipa,-12.6666,141.8666
Tom Price,-22.6935,117.7931
Puerto Williams,-54.9333,-67.6167
Bourke,-30.1,145.9333
Rankin Inlet,62.8167,-92.0953
Queenstown,-42.0829,145.55
Maltahohe,-24.84,16.94
Puerto Villamil,-0.9333,-91.0167
Kaikoura,-42.4012,173.6897
Charleville,-26.4,146.25
Arviat,61.1086,-94.0586
Baker Lake,64.317,-96.0167
Sierra Colorada,-40.5829,-67.8
San Vicente del Caguan,2.0704,-74.64
Cape Dorset,64.3125,-76.5386
Uummannaq,70.675,-52.1229
Cloncurry,-20.7,140.5
Barcaldine,-23.5662,145.2834
Streaky Bay,-32.8119,134.2149
Repulse Bay,66.5295,-86.2829
Greytown,10.9204,-83.7
Yelimane,15.1337,-10.5666
Principe da Beira,-12.4167,-64.4166
Rodeo,-30.2156,-69.14
Linxi,43.5171,118.0333
Arctic Bay,73.0333,-85.1666
Fort Good Hope,66.2666,-128.6333
Quilpie,-26.6166,144.25
Telsen,-42.3996,-66.95
Hughenden,-20.85,144.2
Kimmirut,62.85,-69.8833
Kraulshavn,74.121,-57.0674
Sayhut,15.2105,51.2454
Oxford House,54.9504,-95.2666
Progress,49.7504,129.6167
Hodrogo,48.9664,96.7833
Al Qurayyat,31.3333,37.3333
Obluch'ye,49.0,131.0833
Olekminsk,60.5032,120.3926
Vilyuysk,63.7553,121.6248
Aqadyr,48.2749,72.8599
Grand Rapids,47.238,-93.5327
Igrim,63.1933,64.4194
Ruidoso,33.3648,-105.6432
San Jose de Chiquitos,-17.85,-60.78
Ust'-Nera,64.5666,143.2
Qashyr,53.0804,76.09
Zhangaozen,43.3004,52.8
Al Quway`iyah,24.0737,45.2806
Suntar,62.1444,117.6319
Aqsu,52.4502,71.9597
Vallegrande,-18.4896,-64.11
Qarqaraly,49.4249,75.4649
Qusmuryn,52.458,64.6
Laughlin,35.1316,-114.689
Pikeville,37.4807,-82.5262
Caribou,46.8662,-67.9919
Bayghanin,48.6917,55.874
Bansang,13.4336,-14.65
Mammoth Lakes,37.6273,-118.99
Igarka,67.4671,86.5833
Neiafu,-18.6496,-173.9833
Susuman,62.7833,148.1668
Luan Chau,21.74,103.343
Okondja,-0.6829,13.7833
Sitka,57.2401,-135.3153
Khandyga,62.666,135.6
Kishkenekol,53.6368,72.3414
Antigonish,45.6269,-61.9982
Outjo,-20.1095,16.14
San Ramon,-13.2896,-64.71
Andalusia,31.3101,-86.4781
San Matias,-16.36,-58.42
Fort Nelson,58.8167,-122.533
Anaconda,46.0607,-113.0679
Norway House,53.9666,-97.8333
Chapaev,50.1915,51.1449
Aiyomojok,5.7504,8.9833
Bilibino,68.0504,166.3333
Tiksi,71.6269,128.835
Chinle,36.1504,-109.5793
Beni Ounif,32.0493,-1.2514
Okhotsk,59.383,143.217
Pagosa Springs,37.2675,-107.0301
Avarua,-21.25,-159.75
Tura,64.2833,100.25
Ouadda,8.0671,22.4
Torghay,49.626,63.499
Fort-Shevchenko,44.5171,50.2666
Chernyshevskiy,63.0128,112.4714
Artemovsk,54.3487,93.4355
Ust'-Kamchatsk,56.2135,162.435
Pevek,69.7008,170.3133
Turukhansk,65.8382,87.955
Camargo,-20.6396,-65.21
Sangar,63.9241,127.4739
Marathon,48.7504,-86.3667
Batagay,67.656,134.635
Kyaukpyu,19.429,93.5494
Omsukchan,62.5333,155.8
Apolo,-14.7196,-68.42
Quime,-16.98,-67.22
Araouane,18.9,-3.53
Ciudad Cortes,8.9604,-83.53
Vitim,59.4515,112.5578
La Ronge,55.1,-105.3
Deer Lake,52.617,-94.0666
Teeli,51.0333,90.2333
Cherskiy,68.7501,161.33
Lavumisa,-27.2962,31.9
Mezen',65.8522,44.24
Palana,59.084,159.95
Zyryanka,65.736,150.89
De-Kastri,51.4666,140.7833
Srednekolymsk,67.45,153.71
Darregueira,-37.6996,-63.1666
Gander,48.95,-54.55
Krasnogorsk,48.4615,142.09
Mopipi,-21.1795,24.88
Zhigansk,66.7697,123.3711
Khatanga,72.0411,102.465
Buur Gaabo,-1.2009,41.852
I-n-Amguel,23.6939,5.1647
Taoudenni,22.6666,-3.9834
Saranpaul',64.2505,60.97
Lillooet,50.6837,-121.9333
Villalonga,-39.8829,-62.5833
Chapleau,47.8337,-83.4
Provideniya,64.4235,-173.2258
Chokurdakh,70.6183,147.8946
Severo-Kuril'sk,50.6905,156.085
Baures,-13.58,-63.5801
El Dorado,6.7333,-61.6333
Muconda,-10.5996,21.32
Egilsstadhir,65.2674,-14.395
Egvekinot,66.3221,-179.1837
El Manteco,7.3504,-62.5333
Evensk,61.95,159.2333
Dawwah,20.633,58.908
Matagami,49.7504,-77.6333
Lehututu,-23.9696,21.87
Saskylakh,71.9166,114.0833
Beringovskiy,63.0655,179.3067
Tasiilaq,65.6019,-37.6337
Rio Mayo,-45.6834,-70.2666
Novyy Port,67.6983,72.9283
Puerto Villarroel,-16.87,-64.78
Nokaneng,-19.6696,22.27
Al Jaghbub,29.7504,24.5166
Hofn,64.2723,-15.2139
Tofino,49.1521,-125.9031
Igloolik,69.2565,-81.7936
Inukjuak,58.47,-78.136
Pond Inlet,72.685,-78.0001
Kipili,-7.4329,30.6
Ust'-Kuyga,70.0171,135.6
Tajarhi,24.3704,14.4708
Cap-Chat,49.1,-66.6833
Cambridge Bay,69.117,-105.0333
Qardho,9.5004,49.166
Nyimba,-14.5495,30.81
Dawson,64.0666,-139.4167
Lubutu,-0.7329,26.5833
Chumikan,54.7114,135.3145
Kugluktuk,67.7987,-115.1254
Geraldton,49.7166,-86.9666
Ayan,56.4542,138.1673
Lavrentiya,65.5833,-171.025
Regedor Quissico,-24.7257,34.766
Halls Creek,-18.2667,127.7667
Nipigon,49.017,-88.25
San Rafael,-16.7795,-60.68
Capitan Pablo Lagerenza,-19.9161,-60.7833
Buluko,-0.757,28.528
Winton,-22.3996,143.0333
Upernavik,72.7094,-56.1417
Puerto Acosta,-15.4996,-69.1667
Dikson,73.507,80.5451
Gjoa Haven,68.6333,-95.9167
Omolon,65.25,160.5
Norman Wells,65.2837,-126.85
Norseman,-32.2,121.7666
Churchill,58.766,-94.166
Cacolo,-10.1496,19.26
General Eugenio A. Garay,-20.52,-62.21
Yulara,-25.2405,130.9889
Tuktoyaktuk,69.4548,-133.0492
Berens River,52.3666,-97.0333
Coral Harbour,64.1538,-83.1766
Georgetown,-18.3,143.5333
La Scie,49.967,-55.583
Watson Lake,60.1166,-128.8
Taloyoak,69.5333,-93.5333
Muhembo,-18.2996,21.8
Yerema,60.3808,107.7794
Natashquan,50.1913,-61.8107
Pannawonica,-21.6366,116.325
Massangena,-21.5373,32.9564
Kimba,-33.1496,136.4334
Qaanaaq,77.4835,-69.3322
Boulia,-22.8996,139.9
Onslow,-21.6576,115.0963
Llica,-19.8496,-68.25
Kangirsuk,60.0248,-69.9991
Sandspit,53.2404,-131.8333
Andamooka,-30.431,137.1656
Deline,65.1833,-123.4167
Caluula,11.967,50.75
Tmassah,26.3666,15.8
Holman,70.7334,-117.75
Eidsvold,-25.3662,151.1333
Forteau Bay,51.4504,-56.95
Wilcannia,-31.5662,143.3833
Nizhneyansk,71.4333,136.0666
Korf,60.3321,165.8183
Espungabera,-20.4501,32.77
Toconao,-23.1829,-68.0166
Dease Lake,58.4503,-130.0333
Shoyna,67.8666,44.1334
Cazombo,-11.8896,22.9
Put' Lenina,68.5166,107.8
Enurmino,66.95,-171.8166
Richmond,-20.7163,143.1333
Paulatuk,69.3833,-123.9833
Fort Simpson,61.85,-121.3333
Birdsville,-25.8996,139.3666
Amderma,69.763,61.6677
Cat Lake,51.717,-91.8
Ivanhoe,-32.8996,144.3
Resolute,74.6833,-94.9
Timbedgha,16.2504,-8.1666
Amau,-10.0426,148.565
I-n-Amenas,28.0503,9.55
Thargomindah,-28.0,143.8167
Mapai,-22.8427,31.9631
Burketown,-17.7161,139.5666
Upper Hay River,59.0333,-117.683
Port Hope Simpson,52.5333,-56.3
Charana,-17.5996,-69.4666
Camooweal,-19.9167,138.1167
Quipungo,-14.8295,14.55
Bicheno,-41.8784,148.2886
Vilankulo,-21.9995,35.3166
Hurdiyo,10.582,51.1233
Androka,-25.0219,44.0749
Karumba,-17.4833,140.8334
Windorah,-25.4332,142.6502
Al Qunfudhah,19.1264,41.0789
Ivujivik,62.4166,-77.9
Stony Rapids,59.2666,-105.8333
Cuito Cuanavale,-15.1596,19.17
Bedourie,-24.3496,139.4666
Buton,4.217,108.2
Bifoun,-0.3329,10.3832
Alert,82.4833,-62.25
Salluit,62.1826,-75.6595
Lutselk'e,62.4001,-110.7333
Al `Uqaylah,30.257,19.2
Savissivik,76.0195,-65.1125
Villa Martin Colchak,-20.7666,-67.7833
Gyda,70.8814,78.4661
Gueppi,-0.1166,-75.23
Bir Mogrein,25.2333,-11.5833
Yessey,68.4837,102.1666
Manily,62.55,165.3
Zhilinda,70.1337,114.0
Ust'-Olenek,72.9978,119.7729
Logashkino,70.8504,153.9
Ituni,5.43,-58.25
Vorontsovo,71.6983,83.5642
Uranium City,59.5666,-108.6166
Burwash Landing,61.3504,-139.0
As Sidrah,30.6704,18.2666
Kingoonya,-30.8996,135.3
Grise Fiord,76.4417,-82.95
Numto,63.6667,71.3333
Lar'yak,61.1012,80.2514
Zillah,28.5504,17.5834
Ul'kan,55.9004,107.7833
Strelka,61.867,152.2502
Khorgo,73.4833,113.63
Indiga,67.6898,49.0166
Podkamennaya Tunguska,61.5995,90.1236
Trofimovsk,72.5997,127.0337
Utkholok,57.5504,157.2333
Siglan,59.0337,152.4166
Pakhachi,60.5816,169.05
Shalaurova,73.2204,143.1833
Chegga,25.3804,-5.78
Olenek,68.525,112.45
Zvezdnyy,70.9566,-179.59
Agapa,71.4504,89.25
Starorybnoye,72.7666,104.8
Menkerya,67.9886,123.3505
Tukchi,57.367,139.5
Zemlya Bunge,74.8983,142.105
Nord,81.7166,-17.8
Timmiarmiut,62.5333,-42.2167
Ambarchik,69.651,162.3336
Ennadai,61.1333,-100.8833
